foodid,food_name,unit,kal,select_time
1,大麥仁,100g,362,0
2,大麥片,100g,365,0
3,大麥仁粉,100g,389,0
4,麥茶,100g,18,0
5,小米,100g,370,0
6,糯小米,100g,360,0
7,小麥,100g,362,0
8,小麥胚芽,100g,417,0
9,去筋麵粉,100g,355,0
10,低筋麵粉,100g,364,0
11,中筋麵粉,100g,361,0
12,高筋麵粉,100g,362,0
13,全麥麵粉,100g,359,0
14,雜糧中筋麵粉,100g,361,0
15,雜糧高筋麵粉,100g,360,0
16,水餃皮,100g,264,0
17,春捲皮,100g,241,0
18,餛飩皮,100g,271,0
19,乾麵條,100g,357,0
20,油麵條,100g,361,0
21,紅蘿蔔麵,100g,352,0
22,通心麵,100g,359,0
23,菠菜條,100g,356,0
24,鍋燒意麵,100g,479,0
25,雞蛋麵,100g,358,0
26,刀削麵,100g,267,0
27,拉麵,100g,292,0
28,意麵,100g,290,0
29,衛生油麵,100g,163,0
30,金門黃麵,100g,158,0
31,冷凍烏龍麵,100g,126,0
32,鍋燒麵,100g,120,0
33,長麵線,100g,310,0
34,蚵仔麵線,100g,307,0
35,麵線,100g,350,0
36,雞絲麵,100g,463,0
37,麵筋,100g,643,0
38,麵腸,100g,138,0
39,白玉米,100g,66,0
40,紫玉米,100g,168,0
41,甜玉米,100g,107,0
42,雙色水果玉米,100g,105,0
43,糯玉米,100g,172,0
44,冷凍玉米粒,100g,174,0
45,玉米筍,100g,31,0
46,乾玉米粒,100g,373,0
47,玉米胚芽,100g,366,0
48,玉米粉,100g,369,0
49,玉米粒罐頭,100g,90,0
50,玉米醬罐頭,100g,66,0
51,秈米平均值,100g,357,0
52,秈米(台中在來2號),100g,355,0
53,秈米(台中秈10號),100g,358,0
54,粳米平均值,100g,354,0
55,粳米(台中189號),100g,356,0
56,粳米(台南11號),100g,348,0
57,粳米(台粳2號),100g,357,0
58,粳米(台粳8號),100g,355,0
59,粳米(台粳9號),100g,353,0
60,粳米(台農71號),100g,357,0
61,粳米(高雄139號),100g,357,0
62,粳米(高雄142號),100g,353,0
63,粳米(高雄145號),100g,364,0
64,越光米,100g,340,0
65,白秈糯米(台中糯70號秈米),100g,361,0
66,白粳糯米平均值,100g,358,0
67,白粳糯米(台中189號粳米),100g,359,0
68,白粳糯米(台粳糯1號粳米),100g,358,0
69,野生紅米,100g,360,0
70,紅糯米,100g,362,0
71,黑秈糯米,100g,357,0
72,胚芽秈米(台中秈10號),100g,363,0
73,胚芽粳米平均值,100g,362,0
74,胚芽粳米(台粳10號）,100g,360,0
75,胚芽粳米(台粳9號),100g,363,0
76,發芽粳米平均值,100g,355,0
77,發芽粳米(台粳71號),100g,357,0
78,發芽粳米(台粳9號）,100g,353,0
79,糙秈米,100g,359,0
80,糙粳米平均值,100g,362,0
81,糙粳米(台粳71號),100g,360,0
82,糙粳米(台粳9號),100g,364,0
83,加鈣米,100g,355,0
84,高纖米,100g,363,0
85,五穀米,100g,358,0
86,米胚芽,100g,391,0
87,秈米粉,100g,363,0
88,糙米粉,100g,393,0
89,白糯米粉,100g,360,0
90,米粉平均值,100g,366,0
91,埔里米粉,100g,358,0
92,細米粉,100g,355,0
93,濁水米粉,100g,357,0
94,米粄條,100g,129,0
95,米苔目,100g,121,0
96,粿仔條,100g,193,0
97,免煮飯,100g,168,0
98,白飯,100g,183,0
99,米漿(散裝),100g,62,0
100,保久米漿,100g,62,0
101,糙米漿,100g,71,0
102,糙秈米漿,100g,68,0
103,糯米漿,100g,51,0
104,黑糯米漿,100g,50,0
105,高梁,100g,372,0
106,糯高梁,100g,362,0
107,黑麥片,100g,359,0
108,黑麥汁,100g,52,0
109,燕麥,100g,406,0
110,燕麥片,100g,393,0
111,即食燕麥片,100g,406,0
112,燕麥奶,100g,44,0
113,蕎麥,100g,361,0
114,蕎麥麵(乾),100g,355,0
115,蕎麥麵(濕),100g,155,0
116,薏仁,100g,378,0
117,糙薏仁,100g,387,0
118,薏仁粉,100g,395,0
119,紅藜,100g,379,0
120,淮山,100g,363,0
121,山藥平均值,100g,87,0
122,山藥(二刺),100g,89,0
123,山藥(大汕1號),100g,80,0
124,山藥(大汕3號),100g,73,0
125,山藥(大刺),100g,85,0
126,山藥(中國長品),100g,74,0
127,山藥(台農1號),100g,93,0
128,山藥(台農2號),100g,95,0
129,山藥(白皮削),100g,75,0
130,山藥(尖石原生種),100g,65,0
131,山藥(宜蘭原生種),100g,140,0
132,山藥(花蓮3號),100g,93,0
133,山藥(青森),100g,94,0
134,山藥(高田),100g,71,0
135,紅薯,100g,92,0
136,木薯粉,100g,362,0
137,冰心地瓜,100g,119,0
138,菱角牛奶地瓜,100g,133,0
139,芋心甘薯,100g,122,0
140,紅肉甘薯,100g,114,0
141,金時地瓜,100g,138,0
142,黃肉甘薯,100g,121,0
143,甘薯粉,100g,358,0
144,油炸脫水甘薯,100g,525,0
145,芋頭,100g,128,0
146,小芋頭(山芋),100g,113,0
147,檳榔心芋,100g,121,0
148,冷凍芋頭塊,100g,147,0
149,芋頭粉,100g,333,0
150,豆薯,100g,31,0
151,紅馬鈴薯(粉紅珍珠馬鈴薯),100g,66,0
152,馬鈴薯,100g,77,0
153,小馬鈴薯(珍珠馬鈴薯),100g,59,0
154,馬鈴薯粉,100g,346,0
155,荸薺,100g,67,0
156,荸薺粉,100g,365,0
157,蓮藕,100g,65,0
158,熟蓮藕,100g,50,0
159,熟蓮藕切片(水煮),100g,73,0
160,蓮藕粉,100g,365,0
161,菱角(生),100g,76,0
162,菱角仁(生),100g,118,0
163,菱角(熟),100g,146,0
164,西谷米,100g,371,0
165,蒟蒻粉,100g,351,0
166,杏仁片(生),100g,564,0
167,杏仁片(熟),100g,618,0
168,原味杏仁果,100g,588,0
169,蒜味杏仁果,100g,603,0
170,杏仁粉,100g,530,0
171,松子仁(生),100g,678,0
172,原味松子仁,100g,680,0
173,蜜汁松子仁,100g,697,0
174,原味夏威夷豆,100g,700,0
175,鹽酥夏威夷豆,100g,720,0
176,生核桃,100g,667,0
177,甜核桃,100g,723,0
178,栗子(生),100g,264,0
179,栗子仁(生),100g,176,0
180,糖炒栗子,100g,210,0
181,無花果,100g,365,0
182,開心果,100g,601,0
183,腰果(生),100g,568,0
184,原味腰果,100g,566,0
185,蜜汁腰果,100g,600,0
186,原味榛果,100g,672,0
187,山粉圓,100g,400,0
188,可可粉,100g,464,0
189,玉桂西瓜子,100g,492,0
190,醬油西瓜子,100g,509,0
191,亞麻仁籽,100g,524,0
192,亞麻仁籽粉,100g,557,0
193,咖啡豆(曼特寧),100g,437,0
194,奇亞子,100g,483,0
195,白芝麻(生),100g,598,0
196,黑芝麻(生),100g,551,0
197,白芝麻(熟),100g,626,0
198,黑芝麻(熟),100g,599,0
199,黑芝麻粉,100g,601,0
200,帶殼花生(生鮮),100g,331,0
201,冷凍帶殼花生(熟),100g,344,0
202,生鮮花生仁,100g,506,0
203,去膜花生仁(生),100g,558,0
204,帶膜花生仁(生),100g,516,0
205,紅土帶殼花生(熟),100g,546,0
206,鹽酥帶殼花生(熟),100g,531,0
207,花生粉,100g,516,0
208,醃漬花生仁,100g,288,0
209,糖漬花生仁,100g,382,0
210,油炸花生仁,100g,623,0
211,蛋酥花生仁,100g,606,0
212,鹽酥花生仁,100g,557,0
213,芡實,100g,343,0
214,調味南瓜子(去殼),100g,561,0
215,調味南瓜子(帶殼),100g,564,0
216,愛玉子,100g,407,0
217,原味葵瓜子(去殼),100g,586,0
218,甘草葵瓜子(帶殼),100g,527,0
219,鹽酥葵瓜子(帶殼),100g,575,0
220,銀杏果,100g,142,0
221,生鮮蓮子,100g,141,0
222,生蓮子,100g,334,0
223,糖漬蓮子,100g,230,0
224,鷹嘴豆(大),100g,364,0
225,鷹嘴豆(小),100g,354,0
226,山竹,100g,69,0
227,木瓜平均值,100g,38,0
228,木瓜(2月取樣),100g,31,0
229,木瓜(5月取樣),100g,44,0
230,木瓜(8月取樣),100g,33,0
231,木瓜(11月取樣),100g,44,0
232,青木瓜,100g,29,0
233,安石榴,100g,67,0
234,百香果,100g,66,0
235,百香果汁,100g,73,0
236,金黃奇異果,100g,59,0
237,奇異果,100g,56,0
238,紅毛丹,100g,73,0
239,紅龍果(白肉),100g,51,0
240,紅龍果(紅肉),100g,50,0
241,北蕉平均值,100g,85,0
242,北蕉(2月取樣),100g,93,0
243,北蕉(5月取樣),100g,92,0
244,北蕉(9月取樣),100g,65,0
245,北蕉(11月取樣),100g,90,0
246,"北蕉(0天,綠皮)",100g,90,0
247,北蕉(1天),100g,87,0
248,北蕉(3天),100g,84,0
249,北蕉(7天),100g,68,0
250,李林蕉,100g,102,0
251,南華蕉,100g,124,0
252,紅皮蕉,100g,98,0
253,美人蕉,100g,111,0
254,蘋果蕉,100g,93,0
255,酪梨(綠皮),100g,65,0
256,酪梨(室溫存放0天),100g,80,0
257,酪梨(室溫存放3天),100g,84,0
258,酪梨(室溫存放6天),100g,92,0
259,榴槤,100g,136,0
260,突目1號鳳梨,100g,56,0
261,鳳梨平均值(雜交種),100g,53,0
262,甘蔗鳳梨,100g,57,0
263,甜蜜蜜鳳梨,100g,42,0
264,金鑽鳳梨,100g,50,0
265,牛奶鳳梨,100g,60,0
266,釋迦,100g,104,0
267,鳳梨釋迦,100g,102,0
268,桑葚,100g,32,0
269,桑葚汁,100g,25,0
270,草莓,100g,39,0
271,土芭樂,100g,39,0
272,芭樂平均值(白肉),100g,38,0
273,牛乳芭樂,100g,33,0
274,世紀芭樂,100g,40,0
275,珍珠芭樂,100g,42,0
276,泰國芭樂,100g,38,0
277,無子芭樂,100g,33,0
278,紅心芭樂,100g,42,0
279,楊桃平均值,100g,32,0
280,楊桃(2月取樣),100g,29,0
281,楊桃(4月取樣),100g,32,0
282,楊桃(5月取樣),100g,34,0
283,楊桃(9月取樣),100g,33,0
284,楊桃(11月取樣),100g,31,0
285,美國紅葡萄,100g,69,0
286,巨峰葡萄,100g,64,0
287,綠葡萄平均值,100g,58,0
288,美國綠葡萄,100g,64,0
289,意大利葡萄,100g,52,0
290,美國紅葡萄(含皮),100g,61,0
291,美國紫葡萄(含皮),100g,80,0
292,美國黑葡萄(含皮),100g,63,0
293,美國綠葡萄(含皮),100g,87,0
294,無子紅葡萄(含皮),100g,72,0
295,黑美人葡萄(含皮),100g,66,0
296,金香葡萄(含皮),100g,60,0
297,蓮霧平均值(粉紅色種),100g,35,0
298,紅寶石蓮霧,100g,33,0
299,黑金剛蓮霧,100g,34,0
300,黑珍珠蓮霧,100g,39,0
301,華寶大西瓜(花蓮),100g,33,0
302,西瓜平均值(紅肉小瓜),100g,33,0
303,皇宮西瓜,100g,32,0
304,紅鈴西瓜,100g,34,0
305,黑美人西瓜,100g,36,0
306,鳳光西瓜,100g,27,0
307,無子西瓜,100g,33,0
308,西瓜平均值(黃肉小瓜),100g,29,0
309,小玉西瓜,100g,35,0
310,金蘭西瓜,100g,24,0
311,嘉寶瓜,100g,40,0
312,甜瓜平均值(光皮洋香瓜),100g,30,0
313,太陽洋香瓜,100g,32,0
314,狀元瓜,100g,27,0
315,蜜世界洋香瓜,100g,29,0
316,甜瓜平均值(東洋系脆瓜),100g,37,0
317,美濃瓜,100g,37,0
318,黃香瓜,100g,30,0
319,嘉玉甜瓜,100g,43,0
320,新世紀哈密瓜,100g,39,0
321,新疆哈蜜瓜,100g,28,0
322,甜瓜平均值(網紋洋香瓜),100g,37,0
323,七股香洋香瓜,100g,40,0
324,天香洋香瓜,100g,44,0
325,秋香洋香瓜,100g,34,0
326,紅寶石洋香瓜,100g,39,0
327,香華洋香瓜,100g,30,0
328,藍寶石洋香瓜,100g,34,0
329,土芒果,100g,54,0
330,芒果平均值(西洋種),100g,50,0
331,肯特芒果,100g,49,0
332,海頓芒果,100g,60,0
333,凱特芒果,100g,50,0
334,愛文芒果,100g,42,0
335,聖心芒果,100g,50,0
336,黑香芒果,100g,66,0
337,芒果平均值(新興種),100g,56,0
338,四季芒果,100g,60,0
339,玉文芒果,100g,62,0
340,金煌芒果,100g,52,0
341,金蜜芒果,100g,64,0
342,金興芒果,100g,41,0
343,香水芒果,100g,65,0
344,蓮花芒果,100g,47,0
345,荔枝平均值,100g,65,0
346,玉荷苞荔枝,100g,68,0
347,黑葉仔荔枝,100g,62,0
348,冷凍荔枝,100g,28,0
349,龍眼,100g,73,0
350,龍眼乾,100g,277,0
351,帶殼龍眼乾,100g,278,0
352,李子平均值(青皮黃肉),100g,48,0
353,加州青李,100g,47,0
354,翡翠李,100g,48,0
355,李子平均值(紅皮紅肉),100g,39,0
356,紅肉李(大),100g,41,0
357,紅肉李(小),100g,38,0
358,李子平均值(紅皮黃肉),100g,48,0
359,加州紅李(台灣),100g,45,0
360,加州紅李(進口),100g,60,0
361,加州蜜李(進口),100g,66,0
362,香水李,100g,36,0
363,桃接李(大),100g,38,0
364,桃接李(小),100g,36,0
365,蜜棗李(進口),100g,53,0
366,黃肉李,100g,35,0
367,黑李,100g,57,0
368,枇杷,100g,38,0
369,筆柿,100g,69,0
370,甜柿平均值,100g,57,0
371,富有甜柿(大雪山),100g,57,0
372,甜柿(進口),100g,57,0
373,牛心柿,100g,62,0
374,四周柿,100g,66,0
375,柿餅,100g,196,0
376,水蜜桃平均值,100g,39,0
377,水蜜桃,100g,40,0
378,甜蜜桃,100g,39,0
379,脆桃平均值,100g,44,0
380,白油桃,100g,37,0
381,玫瑰桃,100g,51,0
382,福壽桃,100g,47,0
383,鶯哥桃,100g,42,0
384,蟠桃,100g,45,0
385,胭脂梅,100g,35,0
386,西洋梨平均值,100g,53,0
387,西洋梨(青皮),100g,62,0
388,西洋梨(紅皮),100g,53,0
389,西洋梨(黃皮),100g,44,0
390,幸水梨,100g,34,0
391,大雪梨,100g,42,0
392,新世紀梨,100g,42,0
393,新興梨,100g,44,0
394,橫山梨,100g,47,0
395,豐水梨,100g,36,0
396,將軍蜜梨,100g,50,0
397,梨山蜜梨,100g,47,0
398,印度棗平均值(大),100g,43,0
399,印度棗(長形),100g,43,0
400,蜜棗(圓形),100g,44,0
401,珍珠蜜棗,100g,46,0
402,台灣土棗,100g,88,0
403,紅棗,100g,227,0
404,黑棗,100g,230,0
405,蘋果平均值(青皮),100g,49,0
406,青龍蘋果,100g,52,0
407,翠玉青蘋果,100g,46,0
408,翠玉青蘋果(帶皮),100g,54,0
409,美國五爪蘋果,100g,51,0
410,蘋果平均值(混色),100g,51,0
411,加拉蘋果,100g,55,0
412,津經蜜蘋果,100g,56,0
413,秋香蘋果,100g,45,0
414,富士蘋果,100g,49,0
415,富士蘋果(帶皮),100g,45,0
416,金冠蘋果,100g,49,0
417,櫻桃,100g,75,0
418,白櫻桃,100g,69,0
419,椪柑,100g,40,0
420,紅柑,100g,42,0
421,茂谷柑,100g,44,0
422,海梨桶柑,100g,44,0
423,高牆桶柑,100g,45,0
424,檸檬柑,100g,48,0
425,長果金柑,100g,56,0
426,圓果金柑,100g,32,0
427,圓果金柑汁(綠皮),100g,33,0
428,文旦,100g,33,0
429,白柚,100g,38,0
430,西施蜜柚,100g,40,0
431,甜橙平均值(普遍系),100g,46,0
432,柳橙,100g,43,0
433,香吉士(進口),100g,47,0
434,澳洲甜橙(進口),100g,46,0
435,青皮葡萄柚,100g,33,0
436,紅寶石葡萄柚(古坑),100g,37,0
437,黃皮葡萄柚(進口),100g,38,0
438,黃皮葡萄柚,100g,37,0
439,檸檬,100g,33,0
440,萊姆,100g,38,0
441,檸檬汁平均值,100g,31,0
442,檸檬汁(黃皮),100g,30,0
443,檸檬汁(綠皮),100g,31,0
444,萊姆汁,100g,34,0
445,紅甘蔗汁,100g,63,0
446,人心果,100g,83,0
447,可可椰子汁平均值,100g,18,0
448,可可椰子汁(屏東),100g,17,0
449,可可椰子汁(進口),100g,19,0
450,香瓜茄,100g,24,0
451,蛋黃果,100g,106,0
452,牛蒡,100g,84,0
453,胡蘿蔔平均值,100g,39,0
454,胡蘿蔔,100g,37,0
455,向陽二號胡蘿蔔,100g,44,0
456,澳洲胡蘿蔔(細長型),100g,34,0
457,黃胡蘿蔔,100g,42,0
458,冷凍胡蘿蔔,100g,13,0
459,根菾菜根,100g,34,0
460,白蘿蔔平均值,100g,18,0
461,白蘿蔔,100g,16,0
462,白蘿蔔(長形),100g,19,0
463,櫻桃蘿蔔,100g,11,0
464,青蘿蔔,100g,33,0
465,蘿蔔乾,100g,58,0
466,百合鱗片,100g,137,0
467,乾百合鱗片,100g,304,0
468,芋莖,100g,20,0
469,金針菜嫩莖,100g,24,0
470,草石蠶,100g,75,0
471,球莖甘藍,100g,20,0
472,孟宗竹筍,100g,40,0
473,熟桂竹筍,100g,21,0
474,桂竹筍片,100g,17,0
475,烏殼綠竹筍,100g,21,0
476,茭白筍,100g,20,0
477,麻竹筍,100g,21,0
478,冷凍麻竹筍,100g,17,0
479,麻竹筍干,100g,177,0
480,綠竹筍,100g,25,0
481,帶殼熟綠竹筍,100g,25,0
482,沙拉筍塊,100g,24,0
483,熟箭竹筍,100g,20,0
484,白蘆筍,100g,25,0
485,綠蘆筍平均值,100g,22,0
486,綠蘆筍,100g,22,0
487,澳洲綠蘆筍(粗短型),100g,20,0
488,綠蘆筍(細短型),100g,23,0
489,蘆筍花,100g,21,0
490,嫩莖萵苣,100g,16,0
491,嫩薑,100g,21,0
492,粉薑,100g,28,0
493,老薑,100g,53,0
494,檳榔嫩莖,100g,31,0
495,大蒜,100g,122,0
496,青蒜,100g,33,0
497,蒜苗,100g,54,0
498,薤,100g,10,0
499,青蔥平均值,100g,28,0
500,青蔥,100g,22,0
501,山東大蔥,100g,31,0
502,日本甜蔥,100g,33,0
503,宜蘭粉蔥,100g,27,0
504,白洋蔥,100g,42,0
505,紫洋蔥,100g,32,0
506,黃洋蔥,100g,42,0
507,紅蔥頭,100g,75,0
508,韮菜花,100g,24,0
509,韮菜,100g,23,0
510,韮菜黃,100g,16,0
511,九層塔,100g,28,0
512,小麥苗,100g,34,0
513,水菜(日本種),100g,11,0
514,甘藍平均值,100g,23,0
515,梨山甘藍(尖球形),100g,24,0
516,甘藍(扁圓形),100g,21,0
517,甘藍(圓球形),100g,24,0
518,紫色甘藍,100g,28,0
519,甘藍芽,100g,33,0
520,冷凍甘藍,100g,20,0
521,脫水甘藍,100g,341,0
522,甘藍乾,100g,180,0
523,酸甘藍菜,100g,22,0
524,甘藷葉,100g,28,0
525,蚵仔白菜,100g,13,0
526,荷葉白菜,100g,14,0
527,葵扇白菜,100g,14,0
528,黑葉白菜(短梗),100g,15,0
529,千寶菜,100g,20,0
530,土植小白菜(1月取樣),100g,10,0
531,土植小白菜(3月取樣),100g,12,0
532,土植小白菜(4月取樣),100g,13,0
533,土植小白菜(7月取樣),100g,10,0
534,土植小白菜(10月取樣),100g,11,0
535,水植小白菜(1月取樣),100g,13,0
536,水植小白菜(4月取樣),100g,13,0
537,水植小白菜(7月取樣),100g,12,0
538,水植小白菜(10月取樣),100g,12,0
539,有機小白菜(1月取樣),100g,9,0
540,有機小白菜(4月取樣),100g,14,0
541,有機小白菜(7月取樣),100g,11,0
542,有機小白菜(10月取樣),100g,13,0
543,珍珠小白菜,100g,11,0
544,油菜心,100g,31,0
545,油菜,100g,12,0
546,土植青江菜(1月取樣),100g,10,0
547,土植青江菜(3月取樣),100g,11,0
548,土植青江菜(4月取樣),100g,11,0
549,土植青江菜(7月取樣),100g,15,0
550,土植青江菜(10月取樣),100g,12,0
551,水植青江菜(1月取樣),100g,12,0
552,水植青江菜(4月取樣),100g,14,0
553,水植青江菜(7月取樣),100g,14,0
554,水植青江菜(10月取樣),100g,11,0
555,有機青江菜(1月取樣),100g,10,0
556,有機青江菜(4月取樣),100g,15,0
557,有機青江菜(7月取樣),100g,21,0
558,有機青江菜(10月取樣),100g,9,0
559,塔菇菜,100g,11,0
560,廣島野菜,100g,8,0
561,結球白菜平均值,100g,17,0
562,煙台白菜,100g,14,0
563,迷你竹筍白菜,100g,19,0
564,翠玉白菜,100g,19,0
565,包心白菜,100g,14,0
566,白菜芽,100g,54,0
567,白鳳菜,100g,27,0
568,紅鳳菜,100g,22,0
569,豆瓣菜,100g,21,0
570,明日葉,100g,57,0
571,山芹菜,100g,27,0
572,芹菜平均值,100g,15,0
573,芹菜(青梗),100g,12,0
574,芹菜(黃梗),100g,18,0
575,西洋芹菜,100g,11,0
576,大心芥菜,100g,35,0
577,大芥菜,100g,19,0
578,包心芥菜,100g,17,0
579,芥菜平均值,100g,19,0
580,芥菜,100g,18,0
581,雪裡蕻,100g,20,0
582,梅乾菜,100g,105,0
583,榨菜,100g,25,0
584,酸菜,100g,17,0
585,芥藍菜,100g,20,0
586,芥藍芽,100g,26,0
587,芫荽,100g,26,0
588,紅梗珍珠菜,100g,37,0
589,食茱萸,100g,127,0
590,香樁,100g,99,0
591,茴香,100g,24,0
592,馬齒莧,100g,14,0
593,茼蒿,100g,16,0
594,日本茼蒿,100g,15,0
595,昭和草,100g,26,0
596,隼人瓜苗,100g,24,0
597,白莧菜,100g,17,0
598,紅莧菜,100g,20,0
599,野莧菜,100g,41,0
600,紫蘇,100g,71,0
601,菠菜,100g,18,0
602,菠菜(葉),100g,24,0
603,冷凍菠菜,100g,17,0
604,菾菜,100g,21,0
605,黃金菾菜,100g,18,0
606,落葵,100g,33,0
607,藤三七,100g,21,0
608,不結球萵苣平均值,100g,16,0
609,奶油萵苣(日本種),100g,16,0
610,紅葉萵苣(荷蘭種）,100g,16,0
611,廣東萵苣,100g,20,0
612,蘿美萵苣,100g,13,0
613,土植本島萵苣(1月取樣),100g,17,0
614,土植本島萵苣(3月取樣),100g,18,0
615,土植本島萵苣(4月取樣),100g,17,0
616,土植本島萵苣(7月取樣),100g,23,0
617,土植本島萵苣(10月取樣),100g,14,0
618,水植本島萵苣(1月取樣),100g,14,0
619,水植本島萵苣(4月取樣),100g,15,0
620,水植本島萵苣(7月取樣),100g,13,0
621,水植本島萵苣(10月取樣),100g,12,0
622,有機本島萵苣(1月取樣),100g,15,0
623,有機本島萵苣(4月取樣),100g,19,0
624,有機本島萵苣(7月取樣),100g,17,0
625,有機本島萵苣(10月取樣),100g,15,0
626,水植波士頓萵苣,100g,8,0
627,結球萵苣,100g,13,0
628,豌豆苗,100g,31,0
629,龍葵,100g,26,0
630,土植蕹菜(1月取樣),100g,22,0
631,土植蕹菜(4月取樣),100g,20,0
632,土植蕹菜(7月取樣),100g,17,0
633,土植蕹菜(10月取樣),100g,17,0
634,水植蕹菜(1月取樣),100g,27,0
635,水植蕹菜(4月取樣),100g,24,0
636,水植蕹菜(7月取樣),100g,17,0
637,水植蕹菜(10月取樣),100g,23,0
638,有機蕹菜(4月取樣),100g,26,0
639,有機蕹菜(10月取樣),100g,19,0
640,水蕹菜,100g,24,0
641,蘿蔔葉,100g,14,0
642,花椰菜,100g,23,0
643,冷凍花椰菜,100g,21,0
644,紫色花椰菜,100g,40,0
645,青花菜,100g,28,0
646,冷凍青花菜,100g,25,0
647,青花菜筍,100g,32,0
648,花椰菜乾,100g,291,0
649,金針菜,100g,40,0
650,金針菜乾,100g,307,0
651,洛神花乾,100g,306,0
652,絲瓜花,100g,31,0
653,冬瓜平均值,100g,11,0
654,冬瓜,100g,13,0
655,香芋冬瓜,100g,9,0
656,醃漬冬瓜,100g,24,0
657,南瓜平均值,100g,74,0
658,日本南瓜,100g,86,0
659,台灣南瓜,100g,49,0
660,栗子南瓜,100g,86,0
661,菊花南瓜,100g,76,0
662,胡瓜,100g,14,0
663,花胡瓜,100g,13,0
664,醃漬花胡瓜,100g,83,0
665,苦瓜(白皮),100g,19,0
666,苦瓜(青皮),100g,20,0
667,珍珠苦瓜,100g,19,0
668,野苦瓜,100g,30,0
669,隼人瓜,100g,23,0
670,白皮蛇瓜,100g,19,0
671,綠皮蛇瓜,100g,32,0
672,絲瓜,100g,19,0
673,稜角絲瓜,100g,20,0
674,越瓜,100g,18,0
675,醃漬越瓜,100g,16,0
676,蒲瓜平均值,100g,18,0
677,蒲瓜(長形),100g,19,0
678,蒲瓜(圓形),100g,18,0
679,花蒲瓜(圓形),100g,15,0
680,葫蘆瓜,100g,20,0
681,黃櫛瓜,100g,15,0
682,綠櫛瓜,100g,13,0
683,枸杞子,100g,347,0
684,長茄子,100g,25,0
685,圓茄子,100g,21,0
686,大番茄平均值(紅色系),100g,19,0
687,牛番茄,100g,19,0
688,紅番茄,100g,20,0
689,桃太郎番茄,100g,17,0
690,黃番茄,100g,23,0
691,大番茄平均值(綠色系),100g,22,0
692,粉柿番茄,100g,18,0
693,黑柿蕃茄,100g,23,0
694,綠番茄,100g,25,0
695,小番茄平均值(紅色系),100g,33,0
696,聖女小番茄,100g,35,0
697,試交二號小番茄,100g,30,0
698,櫻桃小番茄,100g,34,0
699,黃金小蕃茄,100g,31,0
700,小番茄平均值(橙色系),100g,31,0
701,金女小番茄,100g,30,0
702,黃金聖女小番茄,100g,31,0
703,橙蕃茄,100g,32,0
704,甜椒平均值(青皮),100g,29,0
705,甜椒(青皮),100g,23,0
706,小甜椒(青皮),100g,35,0
707,高山甜椒(青皮),100g,30,0
708,甜椒(紅皮),100g,33,0
709,甜椒(黃皮),100g,28,0
710,甜椒(橙皮),100g,35,0
711,青辣椒平均值,100g,33,0
712,角椒,100g,22,0
713,長辣椒(青皮),100g,49,0
714,糯米椒,100g,28,0
715,紅辣椒平均值,100g,80,0
716,長辣椒(紅皮),100g,48,0
717,朝天椒(長果),100g,90,0
718,朝天椒(圓果),100g,103,0
719,乾長辣椒(紅皮),100g,382,0
720,黃秋葵,100g,36,0
721,青花菜芽,100g,25,0
722,苜蓿芽,100g,20,0
723,紫高麗芽,100g,32,0
724,黃豆芽,100g,34,0
725,黑豆芽,100g,69,0
726,葵花芽,100g,26,0
727,綠豆芽,100g,24,0
728,豌豆芽,100g,25,0
729,蕎麥芽,100g,20,0
730,蘿蔔芽,100g,24,0
731,山蘇菜,100g,26,0
732,火炭母草,100g,12,0
733,石蓮花,100g,11,0
734,青葙,100g,50,0
735,假人蔘,100g,32,0
736,野苦瓜嫩梢,100g,77,0
737,過溝菜蕨,100g,27,0
738,蔘鬚,100g,330,0
739,龍骨瓣莕菜,100g,17,0
740,薄荷,100g,55,0
741,蕺菜,100g,46,0
742,蘆薈,100g,4,0
743,美國空心菜,100g,22,0
744,香芫荽,100g,23,0
745,荷蘭豆菜心,100g,30,0
746,厥子,100g,23,0
747,義大利茼蒿,100g,15,0
748,龍延草,100g,79,0
749,紅毛苔,100g,265,0
750,紫菜,100g,268,0
751,熟紫菜,100g,294,0
752,髮菜,100g,302,0
753,麒麟菜,100g,41,0
754,乾麒麟菜,100g,189,0
755,礁膜,100g,16,0
756,乾海茸芯,100g,254,0
757,海帶平均值,100g,20,0
758,海帶卷,100g,14,0
759,海帶茸,100g,29,0
760,海帶梗,100g,17,0
761,海帶結,100g,17,0
762,海帶絲,100g,22,0
763,乾海帶,100g,220,0
764,裙帶菜,100g,36,0
765,乾裙帶菜,100g,225,0
766,乾裙帶菜根,100g,201,0
767,鳳尾藻,100g,224,0
768,洋菜,100g,306,0
769,壽司海苔片,100g,278,0
770,寒天脆藻,100g,10,0
771,木耳,100g,38,0
772,冷凍木耳,100g,51,0
773,乾木耳平均值,100g,333,0
774,乾木耳(紅耳仔),100g,329,0
775,乾木耳(黑耳仔),100g,338,0
776,銀耳,100g,22,0
777,雪珍耳,100g,45,0
778,乾銀耳,100g,313,0
779,銀耳罐頭,100g,48,0
780,草菇,100g,36,0
781,草菇罐頭,100g,31,0
782,雞腿菇,100g,36,0
783,雞腿菇(乾),100g,298,0
784,松茸,100g,36,0
785,白精靈菇,100g,36,0
786,柳松菇,100g,36,0
787,乾柳松菇,100g,286,0
788,香菇平均值,100g,39,0
789,香菇(大),100g,37,0
790,香菇(小),100g,26,0
791,花菇,100g,52,0
792,乾香菇平均值,100g,321,0
793,乾香菇,100g,333,0
794,乾花菇,100g,317,0
795,乾白花菇,100g,310,0
796,乾鈕釦菇,100g,325,0
797,醃漬香菇,100g,50,0
798,姬松茸,100g,40,0
799,乾姬松茸,100g,294,0
800,酒杯菇,100g,50,0
801,秀珍菇,100g,28,0
802,天喜菇,100g,26,0
803,白蠔菇,100g,33,0
804,玫瑰菇,100g,35,0
805,秀珍菇罐頭,100g,27,0
806,杏香菇,100g,26,0
807,杏鮑菇平均值,100g,41,0
808,杏鮑菇(大),100g,37,0
809,杏鮑菇(中),100g,40,0
810,杏鮑菇(小),100g,47,0
811,珊瑚菇,100g,33,0
812,蠔菇,100g,26,0
813,鮑魚菇,100g,22,0
814,金針菇,100g,37,0
815,華翠菇,100g,29,0
816,金針菇罐頭,100g,24,0
817,滑菇,100g,27,0
818,舞菇,100g,28,0
819,鴻喜菇,100g,30,0
820,美白菇,100g,27,0
821,洋菇,100g,25,0
822,冷凍洋菇,100g,39,0
823,洋菇罐頭,100g,27,0
824,白茯苓,100g,316,0
825,猴頭菇,100g,31,0
826,猴頭菇罐頭,100g,29,0
827,乾猴頭菇,100g,311,0
828,乾竹笙,100g,312,0
829,松茸白菇,100g,38,0
830,金喜菇,100g,39,0
831,喜來菇,100g,37,0
832,富珍茸,100g,37,0
833,白鳳豆平均值,100g,337,0
834,白鳳豆(台灣),100g,348,0
835,白鳳豆(進口),100g,325,0
836,米豆,100g,349,0
837,花豆,100g,328,0
838,花豆罐頭(糖漬),100g,203,0
839,紅豆,100g,328,0
840,紅豆罐頭(糖漬),100g,232,0
841,紅雲豆(大紅豆),100g,328,0
842,甘納豆,100g,333,0
843,青仁黑豆,100g,385,0
844,黃仁黑豆,100g,253,0
845,黑豆胚芽,100g,174,0
846,烘烤黑豆,100g,435,0
847,黑豆粉,100g,431,0
848,毛綠豆,100g,346,0
849,綠豆,100g,344,0
850,綠豆仁,100g,339,0
851,綠豆粉,100g,344,0
852,高纖胚芽冬粉,100g,370,0
853,冬粉,100g,351,0
854,寬粉,100g,349,0
855,豇豆(莢),100g,35,0
856,萊豆仁,100g,112,0
857,粉豆莢,100g,27,0
858,敏豆莢,100g,30,0
859,冷凍菜豆(莢),100g,57,0
860,毛豆仁,100g,129,0
861,帶莢毛豆,100g,120,0
862,冷凍毛豆仁,100g,135,0
863,黃豆,100g,389,0
864,黃豆胚芽,100g,180,0
865,黃豆粉,100g,401,0
866,豆漿,100g,56,0
867,豆漿(無糖),100g,35,0
868,雞蛋豆漿,100g,56,0
869,鹹豆漿,100g,37,0
870,黑豆漿,100g,39,0
871,豆漿優酪乳,100g,70,0
872,豌豆仁,100g,123,0
873,豌豆莢,100g,41,0
874,高山大豌豆莢,100g,49,0
875,甜豌豆莢,100g,42,0
876,冷凍豌豆仁,100g,96,0
877,豌豆仁罐頭,100g,123,0
878,鵲豆莢,100g,31,0
879,鹽酥蠶豆,100g,456,0
880,紅扁豆仁,100g,343,0
881,牛小排平均值,100g,325,0
882,去骨牛小排,100g,290,0
883,帶骨牛小排,100g,360,0
884,牛肋條,100g,225,0
885,沙朗牛排,100g,162,0
886,板腱,100g,166,0
887,牛去骨肩胛小排,100g,233,0
888,牛前胸肉,100g,331,0
889,牛修清前胸肉,100g,120,0
890,去骨紐約克牛排,100g,189,0
891,腓力牛排,100g,184,0
892,牛後腿肉,100g,122,0
893,牛後腿股肉,100g,153,0
894,牛後腿腱子心,100g,139,0
895,牛肉火鍋片平均值,100g,250,0
896,牛五花肉火鍋片,100g,430,0
897,牛紐約客火鍋片,100g,263,0
898,牛梅花肉火鍋片,100g,120,0
899,牛嫩肩里肌火鍋片,100g,188,0
900,牛肚平均值,100g,56,0
901,牛肚(瘤胃),100g,44,0
902,牛肚切片(瘤胃),100g,67,0
903,牛肚(蜂巢胃),100g,107,0
904,牛筋,100g,157,0
905,滷牛筋,100g,119,0
906,山羊帶皮羊肉塊,100g,164,0
907,山羊前腿肉片,100g,123,0
908,山羊後腿肉火鍋片,100g,170,0
909,綿羊肉切片,100g,198,0
910,法式羊排,100g,260,0
911,去骨肩頸眼羊肉,100g,198,0
912,小羊腰脊肉,100g,143,0
913,綿羊腹脅肉火鍋片,100g,252,0
914,豬下肩肉,100g,200,0
915,豬下肩瘦肉,100g,131,0
916,豬上肩肉,100g,207,0
917,豬肩胛肉,100g,295,0
918,豬肩胛排,100g,191,0
919,豬前腿外腱肉,100g,146,0
920,豬後腿外腱肉,100g,176,0
921,豬後腿肉,100g,123,0
922,豬後腿瘦肉,100g,111,0
923,豬大里肌,100g,212,0
924,豬大排,100g,214,0
925,豬小排,100g,287,0
926,僧帽肌,100g,209,0
927,豬小里肌,100g,139,0
928,豬去皮腹脇肉,100g,360,0
929,豬帶皮腹脇肉,100g,368,0
930,豬腹脇排,100g,267,0
931,豬肝連,100g,199,0
932,豬頰肉,100g,182,0
933,豬頸肉,100g,284,0
934,豬絞肉平均值,100g,212,0
935,豬絞肉(70％瘦肉率),100g,218,0
936,豬絞肉(90％瘦肉率),100g,205,0
937,豬心,100g,128,0
938,豬白管,100g,93,0
939,豬皮,100g,491,0
940,豬耳,100g,233,0
941,豬舌,100g,185,0
942,豬血,100g,29,0
943,豬尾,100g,295,0
944,豬肝,100g,126,0
945,醃燻豬肝,100g,167,0
946,膽肝,100g,252,0
947,豬肚,100g,152,0
948,熟豬肚,100g,137,0
949,豬油渣,100g,837,0
950,豬骨湯平均值,100g,8,0
951,豬大骨湯,100g,7,0
952,豬肋骨湯,100g,9,0
953,豬肩骨湯,100g,8,0
954,豬軟骨,100g,332,0
955,豬腎,100g,82,0
956,豬脾臟,100g,79,0
957,豬大腸,100g,198,0
958,豬小腸,100g,156,0
959,豬空腸,100g,186,0
960,豬前腳,100g,252,0
961,豬後腳,100g,253,0
962,豬蹄膀,100g,331,0
963,滷豬腳,100g,237,0
964,豬腳筋,100g,72,0
965,豬腦,100g,125,0
966,土雞,100g,188,0
967,肉雞,100g,248,0
968,烏骨雞,100g,213,0
969,烤雞,100g,233,0
970,里肌肉平均值,100g,109,0
971,里肌肉(土雞),100g,112,0
972,里肌肉(肉雞),100g,106,0
973,帶骨去皮對切胸(肉雞),100g,104,0
974,帶骨帶皮對切胸(肉雞),100g,219,0
975,去皮清肉平均值,100g,119,0
976,去皮清肉(土雞),100g,121,0
977,去皮清肉(肉雞),100g,117,0
978,骨腿平均值,100g,172,0
979,骨腿(土雞),100g,130,0
980,骨腿(肉雞),100g,214,0
981,清腿平均值,100g,157,0
982,清腿(土雞),100g,142,0
983,清腿(肉雞),100g,173,0
984,棒棒腿平均值,100g,150,0
985,棒棒腿(土雞),100g,143,0
986,棒棒腿(肉雞),100g,157,0
987,雞排平均值,100g,183,0
988,雞排(土雞),100g,158,0
989,雞排(肉雞),100g,208,0
990,二節翅平均值,100g,229,0
991,二節翅(土雞),100g,228,0
992,二節翅(肉雞),100g,230,0
993,三節翅平均值,100g,210,0
994,三節翅(土雞),100g,198,0
995,三節翅(肉雞),100g,222,0
996,翅腿(肉雞),100g,210,0
997,雞絞肉,100g,131,0
998,雞心(肉雞),100g,190,0
999,雞尾椎,100g,505,0
1000,雞肝(肉雞),100g,111,0
1001,雞胗(肉雞),100g,89,0
1002,冷凍烤雞翅,100g,217,0
1003,雞胸骨湯,100g,9,0
1004,雞睪丸,100g,71,0
1005,雞腳(肉雞),100g,216,0
1006,雞膝軟骨(肉雞),100g,107,0
1007,太空鴨,100g,319,0
1008,番鴨,100g,224,0
1009,太空鴨(去皮),100g,102,0
1010,土番鴨,100g,111,0
1011,櫻桃鴨胸肉片,100g,227,0
1012,鴨腿,100g,282,0
1013,鴨血,100g,29,0
1014,鴨胗,100g,97,0
1015,去骨鴨掌,100g,113,0
1016,鴨腸,100g,94,0
1017,鴨賞,100g,304,0
1018,鵝肉,100g,187,0
1019,茶鵝,100g,352,0
1020,鵝胸肉,100g,120,0
1021,鵝腿肉,100g,130,0
1022,熟鵝腿肉,100g,292,0
1023,鵝心,100g,241,0
1024,鵝肝,100g,123,0
1025,鵝胗,100g,95,0
1026,鵝腸,100g,63,0
1027,火雞肉,100g,141,0
1028,鴕鳥菲力肉排,100g,105,0
1029,鴕鳥沙朗肉排,100g,97,0
1030,鴕腱肉,100g,107,0
1031,鴕腩肉,100g,144,0
1032,雉雞,100g,124,0
1033,虎皮蛙,100g,94,0
1034,蛇肉,100g,85,0
1035,雙髻鯊,100g,117,0
1036,雙髻鯊腹肉,100g,110,0
1037,鯊魚切片,100g,106,0
1038,鯊魚煙,100g,98,0
1039,魟魚,100g,106,0
1040,日本鰻鱺魚片(生),100g,254,0
1041,日本鰻鱺魚片(蒲燒),100g,276,0
1042,灰海鰻,100g,97,0
1043,魩仔魚,100g,56,0
1044,魩仔魚平均值(加工),100g,124,0
1045,"魩仔魚(加工,大)",100g,97,0
1046,"魩仔魚(加工,小)",100g,151,0
1047,鹽漬小鱗脂眼鯡(鹹馧仔),100g,228,0
1048,日本銀帶鯡,100g,101,0
1049,日本銀帶鯡(加工),100g,111,0
1050,日本銀帶鯡魚干(丁香魚脯),100g,273,0
1051,虱目魚平均值(去皮),100g,179,0
1052,虱目魚(2月),100g,180,0
1053,虱目魚(5月),100g,189,0
1054,虱目魚(8月),100g,124,0
1055,虱目魚(9月),100g,208,0
1056,虱目魚(12月),100g,192,0
1057,虱目魚(含皮),100g,200,0
1058,虱目魚腹肉(虱目魚肚),100g,342,0
1059,草魚切片,100g,166,0
1060,草魚(含皮),100g,91,0
1061,鯉,100g,91,0
1062,鱅,100g,145,0
1063,鬍鯰,100g,194,0
1064,斑海鯰,100g,86,0
1065,長體油胡瓜魚,100g,104,0
1066,香魚,100g,147,0
1067,銀魚,100g,69,0
1068,白肉鮭魚切片,100g,151,0
1069,紅肉鮭魚切片,100g,158,0
1070,大西洋鮭魚平均值(去皮),100g,221,0
1071,大西洋鮭魚(台灣養殖),100g,155,0
1072,大西洋鮭魚切片(中段),100g,174,0
1073,大西洋鮭魚切片(尾段),100g,204,0
1074,大西洋鮭魚生魚片,100g,222,0
1075,大西洋鮭魚腹肉,100g,349,0
1076,麥奇鈎吻鮭(去皮),100g,160,0
1077,麥奇鈎吻鮭(含皮),100g,147,0
1078,姬魚,100g,104,0
1079,印度鐮齒魚,100g,49,0
1080,狗母魚(蛇鯔),100g,103,0
1081,鮟鱇,100g,68,0
1082,鯔平均值(去皮),100g,152,0
1083,鯔(2月),100g,137,0
1084,鯔(4月),100g,133,0
1085,鯔(8月),100g,224,0
1086,"鯔(11月,雄魚)",100g,129,0
1087,"鯔(11月,雌魚)",100g,141,0
1088,"鯔(12月,雄魚)",100g,137,0
1089,"鯔(12月,雌魚)",100g,149,0
1090,鯔切片,100g,170,0
1091,鯔(含皮),100g,155,0
1092,斑鰭飛魚,100g,94,0
1093,斑鱵,100g,91,0
1094,鱷形叉尾鶴鱵,100g,98,0
1095,金鱗魚,100g,85,0
1096,鱗馬鞭魚,100g,84,0
1097,黃鱔,100g,88,0
1098,石狗公,100g,80,0
1099,環紋簑鮋,100g,79,0
1100,深海鱗角魚,100g,80,0
1101,尖嘴鱸(去皮),100g,98,0
1102,尖嘴鱸(含皮),100g,107,0
1103,日本花鱸平均值,100g,98,0
1104,日本花鱸(2月),100g,95,0
1105,日本花鱸((3月),100g,100,0
1106,日本花鱸((8月),100g,95,0
1107,日本花鱸((11月),100g,99,0
1108,日本花鱸((12月),100g,101,0
1109,日本花鱸(含皮),100g,125,0
1110,白鱸,100g,76,0
1111,條紋狼鱸,100g,147,0
1112,鱖,100g,89,0
1113,白緣星鱠,100g,101,0
1114,青星九刺鮨平均值,100g,94,0
1115,青星九刺鮨,100g,83,0
1116,青星九刺鮨魚片,100g,104,0
1117,斑帶石斑魚,100g,90,0
1118,斑點九刺鮨(去皮),100g,82,0
1119,斑點九刺鮨(含皮),100g,84,0
1120,棕點石斑魚,100g,115,0
1121,鞍帶石斑魚片,100g,155,0
1122,駝背鱸,100g,83,0
1123,橫紋九刺鮨,100g,85,0
1124,大口黑鱸,100g,130,0
1125,日本紅目大眼鯛,100g,97,0
1126,血斑異大眼鯛,100g,93,0
1127,多鱗沙鮻,100g,90,0
1128,日本馬頭魚,100g,85,0
1129,白馬頭魚,100g,91,0
1130,鬼頭刀魚片,100g,78,0
1131,鬼頭刀,100g,107,0
1132,海鱺,100g,106,0
1133,海鱺魚片,100g,260,0
1134,大口逆鈎鰺,100g,103,0
1135,大甲鰺,100g,105,0
1136,日本竹筴魚,100g,116,0
1137,布氏鯧鰺(去皮),100g,192,0
1138,布氏鯧鰺(含皮),100g,190,0
1139,杜氏鰤,100g,115,0
1140,范氏副葉鰺,100g,108,0
1141,泰勃圓鰺,100g,113,0
1142,烏鯧,100g,92,0
1143,無斑圓鰺,100g,119,0
1144,藍圓鰺,100g,114,0
1145,雙帶鰺,100g,118,0
1146,眼眶魚,100g,113,0
1147,斯氏長鰭烏魴,100g,97,0
1148,史氏紅諧魚,100g,97,0
1149,希氏姬鯛,100g,91,0
1150,赤鰭笛鯛,100g,88,0
1151,孟加拉笛鯛,100g,87,0
1152,前鱗笛鯛,100g,101,0
1153,馬拉巴笛鯛,100g,86,0
1154,單斑笛鯛,100g,106,0
1155,黃擬烏尾鮗,100g,80,0
1156,葉唇笛鯛,100g,118,0
1157,松鯛,100g,98,0
1158,三線磯鱸,100g,130,0
1159,星雞魚,100g,99,0
1160,密點少棘胡椒鯛,100g,94,0
1161,金線魚,100g,119,0
1162,青嘴龍占魚,100g,128,0
1163,網紋龍占魚,100g,101,0
1164,平鯛,100g,175,0
1165,阿部牙鯛,100g,124,0
1166,真鯛平均值(去皮),100g,110,0
1167,真鯛(1月),100g,100,0
1168,真鯛(3月),100g,101,0
1169,真鯛(5月),100g,87,0
1170,真鯛(8月),100g,176,0
1171,真鯛(9月),100g,92,0
1172,真鯛(11月),100g,105,0
1173,黃鰭棘鯛,100g,136,0
1174,黑棘鯛(去皮),100g,136,0
1175,黑棘鯛(含皮),100g,163,0
1176,多鱗四指馬鮁,100g,146,0
1177,大黃魚,100g,142,0
1178,小黃魚(去皮),100g,100,0
1179,小黃魚(含皮),100g,100,0
1180,白姑魚,100g,97,0
1181,眼斑擬石首魚,100g,95,0
1182,黃姑魚,100g,89,0
1183,黑或(或字加魚邊),100g,149,0
1184,鮸,100g,104,0
1185,鱗鰭叫姑魚,100g,99,0
1186,黑斑海緋鯉,100g,97,0
1187,斑點雞籠鯧,100g,97,0
1188,花身鯻,100g,157,0
1189,花尾唇指翁(翁加魚邊),100g,116,0
1190,尼羅口孵非鯽(去皮),100g,113,0
1191,尼羅口孵非鯽(含皮),100g,125,0
1192,花身副麗魚,100g,112,0
1193,紅色吳郭魚,100g,108,0
1194,台灣鯛魚片(生),100g,110,0
1195,台灣鯛魚片(水煮),100g,130,0
1196,台灣鯛魚片(油煎),100g,162,0
1197,"台灣鯛魚片(烤,190℃,10分鐘)",100g,111,0
1198,"台灣鯛魚片(烤,190℃,20分鐘)",100g,134,0
1199,"台灣鯛魚片(烤,230℃,10分鐘)",100g,127,0
1200,"台灣鯛魚片(烤,230℃,20分鐘)",100g,142,0
1201,台灣鯛魚片(清蒸),100g,112,0
1202,台灣鯛魚片(微波),100g,140,0
1203,台灣鯛魚湯(水煮),100g,5,0
1204,莫三比克口孵非鯽,100g,112,0
1205,薔薇項鰭魚(去皮),100g,96,0
1206,薔薇項鰭魚(含皮),100g,93,0
1207,藍豬齒魚,100g,81,0
1208,福氏鸚哥魚(去皮),100g,84,0
1209,橫紋鸚哥魚(含皮),100g,81,0
1210,藍點鸚哥魚,100g,86,0
1211,金錢魚,100g,196,0
1212,褐臭肚魚,100g,164,0
1213,杜氏刺尾鯛,100g,137,0
1214,後刺尾鯛,100g,102,0
1215,鋸尾鯛,100g,93,0
1216,大眼金梭魚,100g,157,0
1217,鱗網帶鰆切片,100g,272,0
1218,鱗網帶鰆(含皮),100g,263,0
1219,白帶魚,100g,102,0
1220,大目鮪,100g,103,0
1221,正鰹,100g,149,0
1222,花腹鯖,100g,144,0
1223,高麗馬加鰆,100g,119,0
1224,康氏馬加鰆切片(去皮),100g,193,0
1225,康氏馬加鰆切片(含皮),100g,176,0
1226,臺灣馬加鰆,100g,180,0
1227,鮪魚生魚片,100g,100,0
1228,鯖魚(生),100g,417,0
1229,鯖魚(炒),100g,410,0
1230,鯖魚(炸),100g,555,0
1231,"鯖魚(烤,150度,10分)",100g,412,0
1232,"鯖魚(烤,150度,20分)",100g,396,0
1233,"鯖魚(烤,150度,30分)",100g,536,0
1234,"鯖魚(烤,180度,10分)",100g,373,0
1235,"鯖魚(烤,210度,10分)",100g,472,0
1236,鯖魚(煮),100g,375,0
1237,鯖魚(煎),100g,403,0
1238,鯖魚(蒸),100g,392,0
1239,鯖魚(醃製),100g,281,0
1240,旗魚切片,100g,111,0
1241,旗魚腹肉,100g,105,0
1242,刺鯧(去皮),100g,95,0
1243,刺鯧(含皮),100g,155,0
1244,星斑真鯧,100g,214,0
1245,銀鯧平均值(去皮),100g,115,0
1246,銀鯧(2月),100g,123,0
1247,銀鯧(3月),100g,120,0
1248,銀鯧(5月),100g,105,0
1249,銀鯧(8月),100g,101,0
1250,銀鯧(12月),100g,126,0
1251,銀鯧(含皮),100g,132,0
1252,斑鱧,100g,119,0
1253,大口鰜切片(含皮),100g,166,0
1254,鰈魚切片,100g,190,0
1255,雙線鬚鰨,100g,92,0
1256,單角革單棘魨(去皮),100g,79,0
1257,單角革單棘魨(含皮),100g,76,0
1258,克氏兔頭魨,100g,77,0
1259,翻車魨腹肉,100g,47,0
1260,犬牙南極魚切片,100g,282,0
1261,低眼無齒芒魚片(芒加魚邊),100g,76,0
1262,秋刀魚,100g,314,0
1263,圓鱈魚鰓肉,100g,84,0
1264,鯛魚下巴,100g,245,0
1265,鯊魚翅,100g,186,0
1266,魚翅唇,100g,47,0
1267,翻車魨魚皮,100g,59,0
1268,鯊魚皮,100g,58,0
1269,油魚卵(加工),100g,445,0
1270,圓鱈魚卵(加工),100g,84,0
1271,鮸魚卵(加工),100g,184,0
1272,鯔魚卵,100g,256,0
1273,鯔魚卵(加工),100g,233,0
1274,鰆魚卵,100g,193,0
1275,鰹魚卵,100g,184,0
1276,鯔魚精囊,100g,89,0
1277,鮟鱇魚肝,100g,136,0
1278,旗魚肚,100g,99,0
1279,鮪魚肚,100g,106,0
1280,小魚干,100g,335,0
1281,扁魚干,100g,354,0
1282,香魚片,100g,307,0
1283,柴魚片,100g,383,0
1284,羅氏沼蝦,100g,88,0
1285,北方長額蝦(加工),100g,122,0
1286,東方異腕蝦,100g,78,0
1287,胭脂蝦,100g,114,0
1288,日本玻璃蝦,100g,83,0
1289,相模後海螯蝦,100g,79,0
1290,中國對蝦,100g,84,0
1291,日本對蝦平均值,100g,97,0
1292,日本對蝦(大),100g,97,0
1293,日本對蝦(小),100g,96,0
1294,白對蝦平均值,100g,103,0
1295,白對蝦(大),100g,109,0
1296,白對蝦(小),100g,96,0
1297,哈氏彷對蝦,100g,82,0
1298,草對蝦,100g,100,0
1299,藍對蝦,100g,95,0
1300,鬚赤蝦,100g,92,0
1301,大管鞭蝦,100g,88,0
1302,隆脊管鞭蝦,100g,96,0
1303,螳螂蝦,100g,67,0
1304,日本龍蝦,100g,93,0
1305,正櫻蝦(生),100g,88,0
1306,正櫻蝦(熟),100g,97,0
1307,正櫻蝦(加工),100g,253,0
1308,大頭蝦仁,100g,40,0
1309,明蝦仁,100g,52,0
1310,紅蝦仁,100g,43,0
1311,海鱸蝦仁,100g,73,0
1312,草蝦仁,100g,44,0
1313,鳳尾蝦仁,100g,64,0
1314,鬚赤蝦仁,100g,80,0
1315,龍蝦卵(調味),100g,64,0
1316,蝦皮,100g,155,0
1317,蝦米,100g,264,0
1318,金鉤蝦乾,100g,257,0
1319,紅蟳,100g,122,0
1320,蛙形蟹,100g,72,0
1321,蟹腳肉,100g,52,0
1322,竹蟶(冷凍),100g,42,0
1323,真牡蠣平均值,100g,54,0
1324,真牡蠣,100g,49,0
1325,帶殼真牡蠣(生蠔),100g,59,0
1326,黑齒牡蠣,100g,55,0
1327,蝦夷海扇蛤,100g,70,0
1328,綠殼菜蛤,100g,96,0
1329,綠殼菜蛤干(淡菜),100g,263,0
1330,西施舌,100g,53,0
1331,台灣蜆,100g,51,0
1332,大文蛤,100g,21,0
1333,文蛤,100g,37,0
1334,波紋橫簾蛤,100g,48,0
1335,菲律賓簾蛤,100g,37,0
1336,環文蛤,100g,46,0
1337,干貝(冷凍),100g,57,0
1338,干貝(乾)平均值,100g,242,0
1339,干貝(乾),100g,256,0
1340,小干貝(乾),100g,228,0
1341,牡蠣干,100g,243,0
1342,真烏賊平均值,100g,57,0
1343,真烏賊(大),100g,61,0
1344,真烏賊(小),100g,53,0
1345,章魚,100g,61,0
1346,阿根廷魷,100g,71,0
1347,泡魷魚,100g,50,0
1348,台灣鎖管,100g,72,0
1349,尖鎖管,100g,100,0
1350,軟翅仔,100g,70,0
1351,香螺,100g,86,0
1352,象牙鳳螺,100g,78,0
1353,泥螺,100g,95,0
1354,雪螺,100g,40,0
1355,九孔螺,100g,73,0
1356,鮑魚,100g,69,0
1357,蠑螺(加工),100g,65,0
1358,蝸牛肉,100g,78,0
1359,烏賊精囊,100g,43,0
1360,小卷干,100g,246,0
1361,鹹小卷,100g,98,0
1362,白海參,100g,32,0
1363,仿刺參,100g,36,0
1364,南美刺參,100g,52,0
1365,紅海參,100g,33,0
1366,黑烏參,100g,29,0
1367,海蜇皮,100g,19,0
1368,雞蛋平均值,100g,134,0
1369,雞蛋(白殼),100g,137,0
1370,雞蛋(黃殼),100g,132,0
1371,土雞蛋,100g,129,0
1372,烏骨雞蛋,100g,160,0
1373,雞蛋(高DHA),100g,132,0
1374,雞蛋(高次亞麻油酸),100g,139,0
1375,雞蛋(高亞麻油酸),100g,133,0
1376,初卵雞蛋,100g,136,0
1377,雞蛋(高維生素A&E),100g,134,0
1378,雞蛋(高維生素E),100g,143,0
1379,雞蛋白平均值,100g,50,0
1380,雞蛋白(白殼),100g,48,0
1381,雞蛋白(黃殼),100g,52,0
1382,烏骨雞蛋白,100g,47,0
1383,雞蛋黃平均值,100g,308,0
1384,雞蛋黃(白殼),100g,330,0
1385,雞蛋黃(黃殼),100g,286,0
1386,烏骨雞蛋黃,100g,344,0
1387,雞蛋黃(高維生素E),100g,314,0
1388,溫泉蛋,100g,127,0
1389,雞水煮蛋,100g,144,0
1390,雞皮蛋平均值,100g,127,0
1391,雞水煮蛋白,100g,61,0
1392,雞水煮蛋黃,100g,343,0
1393,茶葉蛋平均值,100g,141,0
1394,茶葉蛋(市售),100g,138,0
1395,茶葉蛋(浸泡隔夜),100g,145,0
1396,茶葉蛋白(浸泡隔夜),100g,58,0
1397,茶葉蛋黃(浸泡隔夜),100g,342,0
1398,雞皮蛋,100g,132,0
1399,土雞皮蛋,100g,122,0
1400,滷蛋平均值,100g,171,0
1401,雞滷蛋(市售),100g,191,0
1402,雞滷蛋(現煮),100g,178,0
1403,雞滷蛋(浸泡隔夜),100g,182,0
1404,滷蛋白平均值,100g,75,0
1405,雞滷蛋白(現煮),100g,84,0
1406,雞滷蛋白(浸泡隔夜),100g,89,0
1407,滷蛋黃平均值,100g,378,0
1408,雞滷蛋黃(現煮),100g,376,0
1409,雞滷蛋黃(浸泡隔夜),100g,382,0
1410,雞鐵蛋,100g,288,0
1411,雞水波蛋,100g,147,0
1412,荷包蛋(不加油),100g,162,0
1413,荷包蛋(加油1小匙),100g,192,0
1414,煎蛋(不加油),100g,161,0
1415,炒蛋(加油3大匙),100g,215,0
1416,蒸蛋平均值,100g,64,0
1417,蒸蛋(市售),100g,32,0
1418,蒸蛋(微波爐),100g,82,0
1419,蒸蛋(電鍋),100g,80,0
1420,鴨蛋,100g,187,0
1421,紅面番鴨蛋,100g,198,0
1422,鴨蛋白,100g,47,0
1423,鴨蛋黃,100g,347,0
1424,鴨皮蛋,100g,158,0
1425,鴨鹹蛋平均值,100g,185,0
1426,鴨生鹹蛋,100g,187,0
1427,鴨熟鹹蛋,100g,185,0
1428,鴨熟鹹蛋(薄鹽),100g,185,0
1429,鴨鹹蛋黃,100g,533,0
1430,鵪鶉蛋,100g,172,0
1431,鵪鶉水煮蛋,100g,163,0
1432,鵪鶉皮蛋,100g,158,0
1433,鵪鶉鹹蛋,100g,171,0
1434,鵪鶉滷蛋,100g,200,0
1435,鵪鶉鐵蛋,100g,439,0
1436,鴿蛋,100g,96,0
1437,鵝蛋,100g,179,0
1438,高脂鮮乳,100g,73,0
1439,全脂鮮乳平均值,100g,63,0
1440,全脂鮮乳(1月取樣),100g,62,0
1441,全脂鮮乳(4月取樣),100g,62,0
1442,全脂鮮乳(6月取樣),100g,63,0
1443,全脂鮮乳(9月取樣),100g,64,0
1444,全脂鮮乳(10月取樣),100g,64,0
1445,全脂鮮乳(11月取樣),100g,62,0
1446,全脂鮮乳(12月取樣),100g,64,0
1447,中脂鮮乳,100g,48,0
1448,低脂鮮乳,100g,43,0
1449,高脂強化鮮乳(鈣強化),100g,68,0
1450,高脂強化鮮乳(寡醣強化),100g,69,0
1451,中脂強化鮮乳(脂肪酸調整),100g,59,0
1452,低脂強化鮮乳(維生素E強化),100g,41,0
1453,低脂強化鮮乳(寡醣強化),100g,46,0
1454,脫脂強化鮮乳(鈣強化),100g,42,0
1455,脫脂強化鮮乳(寡醣強化),100g,36,0
1456,脫脂強化鮮乳(鐵強化),100g,41,0
1457,中脂調味乳(巧克力),100g,63,0
1458,中脂調味乳(多穀類),100g,67,0
1459,中脂調味乳(果汁),100g,54,0
1460,中脂調味乳(鈣強化),100g,67,0
1461,中脂調味乳(維生素強化),100g,59,0
1462,中脂調味乳(纖維&維生素E強化),100g,65,0
1463,低脂調味乳(木瓜),100g,61,0
1464,高脂保久乳,100g,71,0
1465,全脂保久乳,100g,62,0
1466,中脂保久乳,100g,48,0
1467,低脂強化保久乳(寡糖強化),100g,46,0
1468,中脂調味保久乳(巧克力),100g,60,0
1469,中脂調味保久乳(布丁),100g,61,0
1470,全脂奶粉,100g,504,0
1471,部份脫脂奶粉,100g,420,0
1472,部份脫脂奶粉(即溶),100g,445,0
1473,部份脫脂低乳糖奶粉,100g,416,0
1474,脫脂奶粉,100g,361,0
1475,脫脂奶粉(即溶),100g,360,0
1476,全脂強化奶粉(纖維強化),100g,500,0
1477,部份脫脂強化奶粉(鈣強化),100g,408,0
1478,部份脫脂強化奶粉(纖維&DHA強化),100g,476,0
1479,部份脫脂強化奶粉(纖維&鈣強化),100g,375,0
1480,部份脫脂強化奶粉(脂肪酸調整),100g,481,0
1481,脫脂強化奶粉(抗氧化),100g,366,0
1482,脫脂強化奶粉(鈣&維生素A強化),100g,360,0
1483,"脫脂強化奶粉(鈣&維生素C,E強化)",100g,360,0
1484,脫脂強化奶粉(鈣&鐵強化),100g,360,0
1485,部份脫脂調味奶粉(巧克力),100g,406,0
1486,部份脫脂調味奶粉(果汁),100g,430,0
1487,脫脂稀釋發酵乳,100g,68,0
1488,脫脂稀釋發酵乳(鈣強化),100g,72,0
1489,全脂濃稠發酵乳,100g,90,0
1490,中脂濃稠發酵乳,100g,82,0
1491,中脂濃稠發酵乳(無糖&纖維強化),100g,74,0
1492,中脂濃稠發酵乳(草莓),100g,89,0
1493,低脂濃稠發酵乳,100g,73,0
1494,脫脂濃稠發酵乳,100g,64,0
1495,脫脂濃稠發酵乳(低熱量),100g,37,0
1496,脫脂濃稠發酵乳(草莓),100g,68,0
1497,脫脂濃稠發酵乳(啤酒酵母),100g,34,0
1498,高脂凝態發酵乳(纖維強化),100g,95,0
1499,全脂凝態發酵乳,100g,97,0
1500,中脂凝態發酵乳(草莓),100g,102,0
1501,中脂凝態發酵乳(蘆薈),100g,90,0
1502,脫脂凝態發酵乳(纖維強化),100g,84,0
1503,脫脂保久稀釋發酵乳,100g,46,0
1504,脫脂保久濃稠發酵乳(草莓&蘋果),100g,68,0
1505,淡煉乳,100g,136,0
1506,加糖部份脫脂煉乳,100g,318,0
1507,切片乾酪,100g,309,0
1508,切片乾酪(低脂),100g,241,0
1509,刨絲乾酪,100g,323,0
1510,乾酪粉,100g,484,0
1511,鮮奶可可,100g,80,0
1512,木瓜牛奶,100g,42,0
1513,高脂鮮羊乳,100g,65,0
1514,中脂鮮羊乳,100g,48,0
1515,保久羊乳,100g,59,0
1516,中脂調味保久羊乳(巧克力),100g,59,0
1517,中脂調味保久羊乳(果汁),100g,75,0
1518,全脂羊奶粉,100g,510,0
1519,全脂羊奶粉(即溶),100g,517,0
1520,牛油(未精煉),100g,642,0
1521,牛油(精煉),100g,885,0
1522,豬油,100g,890,0
1523,高油酸豬油,100g,893,0
1524,雞油,100g,891,0
1525,"奶油(固態,不加鹽)",100g,733,0
1526,"奶油(固態,加鹽)",100g,699,0
1527,奶油(液態),100g,340,0
1528,人造奶油(維生素強化),100g,725,0
1529,中脂人造奶油,100g,674,0
1530,人造奶油(低熱量),100g,94,0
1531,大豆油,100g,884,0
1532,大豆油(卵磷脂強化),100g,880,0
1533,大豆油(多種維生素強化),100g,883,0
1534,玉米油,100g,883,0
1535,米油(秈米),100g,883,0
1536,米油(粳米),100g,883,0
1537,亞麻仁油,100g,820,0
1538,白芝麻油,100g,884,0
1539,黑芝麻油,100g,881,0
1540,調合芝麻油,100g,884,0
1541,花生油,100g,883,0
1542,調合花生油,100g,884,0
1543,油菜籽油,100g,883,0
1544,芥花油,100g,883,0
1545,南瓜籽油,100g,883,0
1546,紅花籽油,100g,884,0
1547,高油酸紅花籽油,100g,880,0
1548,核桃油,100g,883,0
1549,油茶油,100g,883,0
1550,熟油茶油,100g,883,0
1551,高油酸棕櫚油,100g,883,0
1552,椰子油,100g,883,0
1553,葵花籽油,100g,884,0
1554,葵花籽油(多種維生素強化),100g,883,0
1555,高油酸葵花籽油,100g,883,0
1556,葡萄籽油,100g,884,0
1557,橄欖油,100g,884,0
1558,烤酥油,100g,883,0
1559,調合植物油,100g,887,0
1560,中鏈脂肪酸油,100g,883,0
1561,方糖,100g,385,0
1562,冰糖,100g,387,0
1563,紅砂糖,100g,385,0
1564,黑砂糖,100g,365,0
1565,麥芽糖,100g,325,0
1566,果糖,100g,297,0
1567,果寡糖,100g,300,0
1568,楓糖,100g,258,0
1569,蜂蜜(冬蜜),100g,315,0
1570,蜂蜜(春蜜),100g,308,0
1571,黑糖蜜,100g,280,0
1572,冬瓜糖磚,100g,360,0
1573,西瓜汁(非原汁),100g,30,0
1574,芭樂汁(非原汁),100g,45,0
1575,柳橙汁(非原汁),100g,50,0
1576,柳橙汁(100%),100g,48,0
1577,烏梅汁,100g,58,0
1578,黑棗茶,100g,46,0
1579,楊桃汁(非原汁),100g,49,0
1580,葡萄柚汁(非原汁),100g,41,0
1581,鳳梨汁(非原汁),100g,48,0
1582,蔓越莓汁(非原汁),100g,45,0
1583,檸檬汁(非原汁),100g,33,0
1584,蘋果汁(非原汁),100g,47,0
1585,蘋果汁(100%),100g,51,0
1586,蕃茄汁(非原汁),100g,22,0
1587,仙草蜜,100g,35,0
1588,薑母茶,100g,28,0
1589,蘆薈露飲料,100g,44,0
1590,黑豆茶,100g,13,0
1591,龜苓茶,100g,33,0
1592,果汁醋飲料(綜合),100g,37,0
1593,可樂,100g,51,0
1594,可樂(低熱量),100g,1,0
1595,沙士,100g,37,0
1596,加鹽沙士,100g,62,0
1597,沙士(低糖),100g,43,0
1598,汽水(綜合口味),100g,42,0
1599,汽水(維生素強化),100g,46,0
1600,美式咖啡(無糖),100g,2,0
1601,無糖咖啡飲料,100g,4,0
1602,拿鐵咖啡(無糖),100g,43,0
1603,咖啡(三合一),100g,39,0
1604,紅茶茶湯,100g,0,0
1605,紅茶(大麥),100g,34,0
1606,紅茶(蘋果),100g,37,0
1607,烏龍茶茶湯,100g,0,0
1608,烏龍茶,100g,0,0
1609,"烏龍茶(去冰,微糖)",100g,16,0
1610,"烏龍茶(去冰,半糖)",100g,21,0
1611,"烏龍茶(去冰,全糖)",100g,36,0
1612,綠茶茶湯,100g,0,0
1613,綠茶,100g,22,0
1614,鮮奶茶(無糖),100g,27,0
1615,奶茶(三合一),100g,42,0
1616,"烏龍奶茶(去冰,微糖)",100g,59,0
1617,"烏龍奶茶(去冰,半糖)",100g,62,0
1618,"烏龍奶茶(去冰,全糖)",100g,75,0
1619,"珍珠奶茶(去冰,微糖)",100g,75,0
1620,"珍珠奶茶(去冰,半糖)",100g,84,0
1621,"珍珠奶茶(去冰,全糖)",100g,94,0
1622,奶茶沖泡包(三合一),100g,452,0
1623,茉莉花茶湯,100g,0,0
1624,茉莉花茶,100g,28,0
1625,菊花茶,100g,30,0
1626,多多綠茶(全糖),100g,49,0
1627,冬瓜茶,100g,33,0
1628,乳酸飲料,100g,45,0
1629,維生素強化飲料(胡蘿蔔素),100g,39,0
1630,維生素強化飲料(綜合),100g,54,0
1631,維生素強化飲料(維生素C),100g,57,0
1632,運動飲料,100g,28,0
1633,米醋飲料,100g,52,0
1634,即溶咖啡粉,100g,363,0
1635,咖啡沖泡包(二合一),100g,491,0
1636,咖啡沖泡包(三合一),100g,437,0
1637,紅茶沖泡包(檸檬),100g,398,0
1638,米漿粉,100g,444,0
1639,麥片沖泡包(三合一),100g,409,0
1640,三合一麥片(野菜蘑菇),100g,399,0
1641,糙米麩,100g,387,0
1642,麵茶粉,100g,423,0
1643,植物燕麥奶,100g,437,0
1644,杏仁茶沖泡包,100g,399,0
1645,芝麻糊沖泡包,100g,458,0
1646,綜合堅果穀物沖泡包,100g,453,0
1647,豆漿粉,100g,434,0
1648,薑茶沖泡包,100g,399,0
1649,椰奶,100g,49,0
1650,八角,100g,360,0
1651,小茴香粉,100g,411,0
1652,山葵粉,100g,387,0
1653,五香粉,100g,363,0
1654,甘草粉,100g,341,0
1655,肉桂粉,100g,343,0
1656,西洋芹菜片,100g,315,0
1657,花椒粉,100g,369,0
1658,洋香菜片,100g,312,0
1659,洋蔥粉,100g,357,0
1660,白胡椒粉,100g,342,0
1661,紅胡椒粒,100g,376,0
1662,黑胡椒粉,100g,372,0
1663,綠胡椒粒,100g,379,0
1664,迷迭香粉,100g,432,0
1665,荳蔻粉,100g,448,0
1666,蒜粉,100g,332,0
1667,辣椒粉,100g,387,0
1668,薑黃粉,100g,358,0
1669,薑粉,100g,333,0
1670,羅勒片,100g,289,0
1671,七味唐辛子,100g,463,0
1672,沙茶粉,100g,507,0
1673,豆酥,100g,540,0
1674,咖哩粉,100g,417,0
1675,咖哩塊,100g,515,0
1676,油蔥酥,100g,518,0
1677,梅子粉,100g,286,0
1678,椰子粉,100g,629,0
1679,蒜頭酥,100g,452,0
1680,糖粉,100g,399,0
1681,椰漿,100g,208,0
1682,黃耆水,100g,14,0
1683,黃耆片,100g,321,0
1684,岩鹽,100g,2,0
1685,低鈉鹽,100g,11,0
1686,味精,100g,251,0
1687,高鮮味精,100g,269,0
1688,鮮雞精,100g,267,0
1689,鰹魚粉,100g,240,0
1690,高湯塊(排骨),100g,363,0
1691,高湯塊(雞肉),100g,340,0
1692,高湯(豬大骨),100g,49,0
1693,低脂高湯,100g,2,0
1694,素食高湯,100g,17,0
1695,米醋,100g,10,0
1696,糯米醋,100g,17,0
1697,高梁醋,100g,27,0
1698,薏仁醋,100g,13,0
1699,紅醋,100g,5,0
1700,香醋,100g,3,0
1701,烏醋,100g,37,0
1702,素食烏醋,100g,42,0
1703,壽司醋,100g,181,0
1704,醬油,100g,90,0
1705,薏仁醬油,100g,83,0
1706,黑豆醬油,100g,114,0
1707,淡色醬油,100g,78,0
1708,薄鹽醬油(低鈉),100g,77,0
1709,薄鹽醬油(低鈉高鉀),100g,56,0
1710,醬油膏,100g,103,0
1711,黑豆油膏,100g,146,0
1712,薄鹽黑豆醬油膏,100g,124,0
1713,味醂,100g,220,0
1714,鮮味露,100g,75,0
1715,蠔油,100g,156,0
1716,魚露,100g,64,0
1717,紅辣椒油,100g,899,0
1718,香油,100g,883,0
1719,蝦油,100g,56,0
1720,干貝醬,100g,558,0
1721,牛肉醬,100g,507,0
1722,肉燥,100g,397,0
1723,素肉燥,100g,483,0
1724,義式乳酪醬,100g,216,0
1725,炸醬,100g,398,0
1726,素食炸醬,100g,391,0
1727,海苔醬,100g,223,0
1728,麻醬,100g,643,0
1729,速食乾麵麻醬包,100g,676,0
1730,白醬,100g,61,0
1731,青醬,100g,83,0
1732,蕃茄義大利麵醬,100g,70,0
1733,五味醬,100g,140,0
1734,牛排醬,100g,130,0
1735,羊肉爐醬,100g,130,0
1736,沙茶醬,100g,729,0
1737,素沙茶醬,100g,670,0
1738,黃芥茉醬,100g,74,0
1739,山葵醬,100g,338,0
1740,金桔醬,100g,84,0
1741,海鮮醬,100g,228,0
1742,烤肉醬,100g,157,0
1743,排骨醬,100g,221,0
1744,甜辣醬,100g,116,0
1745,甜麵醬,100g,216,0
1746,朝鮮醬,100g,106,0
1747,黑胡椒醬,100g,117,0
1748,日式照燒醬,100g,227,0
1749,蒜蓉醬,100g,282,0
1750,辣蒜蓉醬,100g,78,0
1751,辣椒醬,100g,83,0
1752,蔥醬,100g,149,0
1753,糖醋醬,100g,131,0
1754,蕃茄醬,100g,114,0
1755,薑蓉醬,100g,65,0
1756,蘑菇醬,100g,58,0
1757,米豆醬,100g,128,0
1758,蒜味豆豉醬,100g,270,0
1759,豆酥醬,100g,671,0
1760,豆瓣醬,100g,178,0
1761,辣豆瓣醬,100g,100,0
1762,紅麴醬,100g,163,0
1763,韭花醬,100g,29,0
1764,香椿醬,100g,507,0
1765,麻婆醬,100g,190,0
1766,蝦醬,100g,99,0
1767,沙拉醬,100g,645,0
1768,無蛋沙拉醬,100g,479,0
1769,千島沙拉醬,100g,515,0
1770,和風沙拉醬,100g,129,0
1771,凱撒沙拉醬,100g,337,0
1772,味噌,100g,215,0
1773,法式奶酥醬,100g,596,0
1774,巧克力醬(液體),100g,277,0
1775,草莓果醬,100g,272,0
1776,葡萄果醬,100g,261,0
1777,柚子果醬,100g,268,0
1778,桑葚果醬,100g,227,0
1779,白芝麻麵包醬,100g,685,0
1780,黑芝麻麵包醬,100g,667,0
1781,花生醬,100g,657,0
1782,洋蔥麵包醬,100g,276,0
1783,法式香蒜醬,100g,791,0
1784,液體奶精,100g,262,0
1785,奶精粉,100g,544,0
1786,奶精粉(低脂),100g,450,0
1787,炸排粉,100g,344,0
1788,炸雞粉,100g,333,0
1789,蒸肉粉(五香),100g,350,0
1790,熱狗粉,100g,355,0
1791,麵包粉,100g,370,0
1792,酵母粉,100g,347,0
1793,冷藏寧波年糕,100g,220,0
1794,冷藏甜年糕,100g,242,0
1795,冷藏廣式芋頭粿,100g,109,0
1796,冷藏廣式蘿蔔糕,100g,111,0
1797,包餡甜麻糬(紅豆),100g,329,0
1798,鹹麻糬,100g,248,0
1799,芋仔餅,100g,354,0
1800,月餅(棗泥),100g,419,0
1801,綠豆凸,100g,394,0
1802,蕃薯餅,100g,331,0
1803,車輪餅(紅豆),100g,187,0
1804,車輪餅(菜脯),100g,183,0
1805,太陽餅,100g,460,0
1806,牛舌餅,100g,411,0
1807,蛋黃芋頭酥,100g,217,0
1808,蛋黃酥,100g,461,0
1809,鳳梨酥,100g,484,0
1810,蘿蔔酥,100g,427,0
1811,鳳眼糕,100g,379,0
1812,米粩,100g,442,0
1813,可頌,100g,452,0
1814,泡芙(巧克力),100g,590,0
1815,蛋塔,100g,376,0
1816,蛋塔(葡式),100g,375,0
1817,鬆餅,100g,257,0
1818,冷凍馬拉糕,100g,320,0
1819,銅鑼燒,100g,332,0
1820,冷凍馬蹄條,100g,194,0
1821,乳酪蛋糕,100g,296,0
1822,海綿蛋糕(圓形),100g,344,0
1823,提拉米蘇(圓形),100g,328,0
1824,蜂蜜蛋糕(原味),100g,346,0
1825,蜂蜜蛋糕(巧克力),100g,341,0
1826,蜂蜜蛋糕(起司),100g,352,0
1827,土司,100g,289,0
1828,土司(含全穀粉),100g,292,0
1829,紅豆土司,100g,319,0
1830,奶酥麵包,100g,377,0
1831,肉鬆麵包,100g,429,0
1832,蜜糖甜甜圈(波/摩堤),100g,396,0
1833,糖粒甜甜圈(油炸),100g,401,0
1834,菠蘿麵包,100g,378,0
1835,葡萄乾奶酥麵包,100g,306,0
1836,漢堡包,100g,322,0
1837,餐包,100g,365,0
1838,仙草凍,100g,19,0
1839,咖啡凍,100g,75,0
1840,果凍,100g,91,0
1841,原味愛玉凍,100g,2,0
1842,檸檬愛玉凍,100g,53,0
1843,鮮奶布丁,100g,110,0
1844,烤布丁,100g,138,0
1845,黃布丁,100g,110,0
1846,豆花(花生),100g,60,0
1847,傳統豆花(未加糖),100g,39,0
1848,羊羹,100g,289,0
1849,巧克力冰淇淋,100g,192,0
1850,香草冰淇淋,100g,182,0
1851,紅豆牛奶冰棒,100g,155,0
1852,花生仁湯,100g,108,0
1853,方塊酥,100g,509,0
1854,夾心餅乾(草莓),100g,517,0
1855,捲心酥,100g,490,0
1856,蛋捲(芝麻),100g,549,0
1857,煎餅,100g,444,0
1858,營養口糧,100g,424,0
1859,蘇打餅乾(蔬菜),100g,512,0
1860,玉米餅乾(原味),100g,504,0
1861,洋芋片,100g,553,0
1862,魚酥,100g,564,0
1863,零食泡麵,100g,484,0
1864,雪餅,100g,487,0
1865,沙其馬,100g,487,0
1866,牛奶巧克力,100g,546,0
1867,花生牛奶巧克力,100g,489,0
1868,榛果牛奶巧克力,100g,590,0
1869,糖衣牛奶巧克力,100g,481,0
1870,代可可脂白巧克力,100g,562,0
1871,黑巧克力(85%),100g,613,0
1872,白芝麻糖,100g,521,0
1873,黑芝麻糖,100g,536,0
1874,花生糖,100g,562,0
1875,花生貢糖,100g,511,0
1876,牛軋糖,100g,477,0
1877,核棗糕,100g,425,0
1878,水果軟糖,100g,411,0
1879,水果QQ軟糖,100g,343,0
1880,牛奶軟糖,100g,424,0
1881,巧克力牛奶軟糖,100g,422,0
1882,太妃糖,100g,438,0
1883,蓮藕糖,100g,395,0
1884,枇杷糖,100g,394,0
1885,苦茶糖,100g,396,0
1886,薑糖,100g,359,0
1887,巧克力夾心糖,100g,403,0
1888,維生素C口含錠(檸檬),100g,399,0
1889,酵母菌咀嚼錠,100g,391,0
1890,乳酸球,100g,474,0
1891,羊乳片,100g,410,0
1892,紅豆球,100g,351,0
1893,綠豆球,100g,346,0
1894,棉花糖,100g,331,0
1895,甘薯蜜餞,100g,347,0
1896,芒果青,100g,223,0
1897,芒果乾,100g,371,0
1898,芭樂果乾,100g,347,0
1899,鳳梨果乾,100g,348,0
1900,檸檬果乾,100g,344,0
1901,葡萄乾,100g,341,0
1902,豆干丁(五香),100g,383,0
1903,豆干片(沙茶),100g,464,0
1904,布丁粉,100g,419,0
1905,冰淇淋粉(香草),100g,430,0
1906,起酥片,100g,404,0
1907,廣東粥,100g,81,0
1908,冷凍火腿炒飯,100g,189,0
1909,冷凍蝦仁炒飯,100g,148,0
1910,三角飯糰(肉鬆),100g,219,0
1911,糯米飯糰,100g,335,0
1912,肉粽,100g,235,0
1913,鹼粽,100g,133,0
1914,冷凍筒仔米糕,100g,212,0
1915,筒仔米糕,100g,246,0
1916,豬血糕,100g,194,0
1917,鴨血糕,100g,193,0
1918,肉圓,100g,136,0
1919,清蒸蝦仁肉圓,100g,152,0
1920,甜酒釀,100g,163,0
1921,紫米酒釀,100g,155,0
1922,冷凍芝麻湯圓,100g,352,0
1923,冷凍花生湯圓,100g,345,0
1924,冷凍豬肉湯圓,100g,281,0
1925,炒板條,100g,149,0
1926,泡麵(牛肉口味),100g,473,0
1927,泡麵(鮮蝦口味),100g,475,0
1928,擔仔麵,100g,124,0
1929,冷凍牛肉水餃,100g,215,0
1930,冷凍豬肉水餃,100g,208,0
1931,冷凍豬肉韭菜水餃,100g,229,0
1932,冷凍豬肉蟹黃水餃,100g,223,0
1933,冷凍香菇雞肉水餃,100g,221,0
1934,冷凍素食水餃,100g,175,0
1935,冷凍鮪魚水餃,100g,196,0
1936,冷凍豬肉熟水餃,100g,235,0
1937,冷凍素食熟水餃,100g,209,0
1938,冷凍冬菜蝦仁餛飩,100g,191,0
1939,冷凍豬肉餛飩,100g,227,0
1940,冷凍菜肉餛飩,100g,236,0
1941,溫州餛飩,100g,145,0
1942,豬肉鍋貼,100g,238,0
1943,冷凍叉燒包,100g,266,0
1944,冷凍酸菜焢肉包子,100g,301,0
1945,冷凍芋泥包,100g,263,0
1946,冷凍豆沙包,100g,247,0
1947,冷凍芝麻包,100g,341,0
1948,冷凍蓮蓉包,100g,292,0
1949,冷凍叉燒包子,100g,267,0
1950,冷凍牛肉包子,100g,269,0
1951,冷凍豬肉包子,100g,266,0
1952,冷凍豬肉湯包,100g,235,0
1953,小籠包,100g,242,0
1954,冷凍素菜包子,100g,234,0
1955,竹筍包,100g,209,0
1956,冷凍白饅頭,100g,279,0
1957,白饅頭,100g,248,0
1958,芋頭饅頭,100g,155,0
1959,花捲,100g,227,0
1960,冷藏堅果饅頭,100g,307,0
1961,黑糖饅頭,100g,235,0
1962,冷凍銀絲卷(奶黃),100g,283,0
1963,火腿蛋三明治,100g,275,0
1964,披薩(夏威夷),100g,270,0
1965,冷凍披薩(黑胡椒火腿),100g,210,0
1966,蔥油餅,100g,305,0
1967,冷凍蔥油餅,100g,248,0
1968,冷凍蛋餅皮,100g,231,0
1969,燒餅,100g,323,0
1970,韭菜盒子,100g,217,0
1971,大餅包小餅(紅豆),100g,376,0
1972,水煎包,100g,166,0
1973,牛肉餡餅,100g,224,0
1974,豬肉餡餅,100g,327,0
1975,冷凍燒賣,100g,188,0
1976,冷凍水晶包,100g,211,0
1977,"冷凍,水晶餃",100g,190,0
1978,油條,100g,551,0
1979,冷凍春捲,100g,272,0
1980,蚵仔煎,100g,192,0
1981,棺材板,100g,264,0
1982,油豆腐粉絲(阿給),100g,146,0
1983,冷凍可樂餅(奶汁),100g,114,0
1984,芋圓,100g,214,0
1985,粉圓,100g,346,0
1986,冷凍甘薯條,100g,182,0
1987,冷凍馬鈴薯條,100g,151,0
1988,台式泡菜,100g,59,0
1989,黃金泡菜,100g,111,0
1990,韓式泡菜,100g,35,0
1991,花瓜罐頭,100g,88,0
1992,冷凍洋蔥圈,100g,281,0
1993,醃辣椒,100g,53,0
1994,佃煮黑豆,100g,271,0
1995,豆干絲,100g,170,0
1996,五香豆干,100g,192,0
1997,小方豆干,100g,161,0
1998,黑豆干,100g,197,0
1999,豆腐皮,100g,209,0
2000,日式炸豆皮,100g,388,0
2001,豆豉,100g,237,0
2002,豆棗,100g,420,0
2003,百頁豆腐,100g,196,0
2004,傳統豆腐,100g,88,0
2005,冷凍豆腐,100g,131,0
2006,小三角油豆腐,100g,160,0
2007,嫩豆腐,100g,53,0
2008,雞蛋豆腐,100g,79,0
2009,麻油辣腐乳,100g,107,0
2010,素肉,100g,210,0
2011,冷凍素雞塊,100g,206,0
2012,花生麵筋罐頭,100g,206,0
2013,香菇麵筋罐頭,100g,192,0
2014,叉燒肉,100g,253,0
2015,切片火腿(牛肉),100g,121,0
2016,切片火腿(豬肉),100g,147,0
2017,切片火腿(雞肉),100g,148,0
2018,"條狀火腿(牛肉,黑胡椒)",100g,113,0
2019,條狀火腿(豬肉),100g,145,0
2020,醬肘子,100g,134,0
2021,培根,100g,372,0
2022,臘肉(五花肉),100g,525,0
2023,臘肉(腿肉),100g,377,0
2024,片狀肉乾(牛肉),100g,335,0
2025,"片狀肉乾(牛肉,辣味)",100g,323,0
2026,片狀肉乾(豬肉),100g,329,0
2027,條狀肉乾(豬肉),100g,345,0
2028,牛肉香腸,100g,298,0
2029,香腸,100g,354,0
2030,香腸(蒜味),100g,388,0
2031,蒟蒻香腸(蒜味),100g,289,0
2032,小巧香腸,100g,362,0
2033,雞肉香腸(大),100g,283,0
2034,雞肉香腸(小),100g,459,0
2035,熱狗,100g,257,0
2036,德國香腸,100g,275,0
2037,冷凍小香腸,100g,249,0
2038,冷凍珍珠丸,100g,222,0
2039,冷凍貢丸,100g,244,0
2040,冷凍雞肉丸,100g,202,0
2041,冷凍牛肉漢堡肉,100g,249,0
2042,冷凍雞塊,100g,228,0
2043,豬肉脯,100g,441,0
2044,豬肉酥,100g,513,0
2045,雞肉酥,100g,451,0
2046,肉羹,100g,247,0
2047,冷凍咕咾肉,100g,184,0
2048,豬腳凍,100g,145,0
2049,冷凍花枝丸,100g,166,0
2050,冷凍虱目魚丸,100g,206,0
2051,冷凍文蛤丸,100g,211,0
2052,冷凍旗魚丸,100g,160,0
2053,冷凍鱈魚丸,100g,99,0
2054,冷凍蝦丸,100g,123,0
2055,冷凍花枝排,100g,187,0
2056,冷凍鮪排,100g,143,0
2057,冷凍蝦餅,100g,127,0
2058,冷凍干貝酥,100g,146,0
2059,冷凍花枝塊,100g,180,0
2060,冷凍旗魚塊,100g,178,0
2061,冷凍蚵捲,100g,186,0
2062,冷凍魚捲,100g,126,0
2063,冷凍蝦捲,100g,156,0
2064,冷凍魷魚圈,100g,143,0
2065,冷凍花枝餃,100g,168,0
2066,冷凍香菇餃,100g,233,0
2067,冷凍蛋餃,100g,183,0
2068,冷凍雪螺餃,100g,204,0
2069,冷凍魚餃,100g,277,0
2070,冷凍蝦餃,100g,273,0
2071,冷凍燕餃,100g,315,0
2072,冷凍蟹味棒,100g,116,0
2073,冷凍魚卵卷,100g,115,0
2074,魚板,100g,128,0
2075,天婦羅,100g,176,0
2076,冷凍花枝漿,100g,227,0
2077,冷凍花枝羹,100g,126,0
2078,魚肉脯,100g,104,0
2079,鯖魚肉脯,100g,685,0
2080,魚肉鬆,100g,470,0
2081,旗魚鬆,100g,481,0
2082,鮭魚鬆,100g,452,0
2083,香筍鮪魚罐頭,100g,261,0
2084,茄汁鯖魚罐頭,100g,116,0
2085,沖泡濃湯(海鮮),100g,343,0
2086,玉米濃湯調理包,100g,369,0
2087,生啤酒,100g,50,0
2088,啤酒,100g,49,0
2089,陳年紹興酒,100g,133,0
2090,白葡萄酒,100g,90,0
2091,紅葡萄酒,100g,93,0
2092,雞精,100g,34,0
2093,經典大早餐,1份,590,0
2094,鬆餅,2片,200,0
2095,鬆餅,3片,310,0
2096,豬肉鬆餅（含糖漿、奶油）,1份,640,0
2097,豬肉滿福堡加蛋,1份,400,0
2098,鮮蔬火腿蛋堡,1份,360,0
2099,豬肉滿福堡,1份,330,0
2100,現烤焙果（含乳酪）,1份,320,0
2101,滿福鮮蔬堡,1份,310,0
2102,火腿蛋堡,1份,310,0
2103,滿福堡,1份,280,0
2104,麥克雞塊,20 塊,1170,0
2105,雙層四盎司牛肉堡,1份,800,0
2106,勁辣雞腿堡,1份,560,0
2107,四盎司牛肉堡,1份,540,0
2108,大麥克,1份,530,0
2109,麥克雞塊,9塊,530,0
2110,雙層牛肉吉士堡,1份,450,0
2111,麥克雙牛堡,1份,410,0
2112,麥香雞,1份,380,0
2113,麥克雞塊,6塊,350,0
2114,麥脆鷄（辣）雞排,1份,340,0
2115,麥脆鷄（原）雞排,1份,330,0
2116,麥香魚,1份,320,0
2117,吉事漢堡,1份,310,0
2118,板烤雞腿堡,1份,300,0
2119,漢堡,1份,260,0
2120,麥克雞塊,4塊,230,0
2121,麥脆鷄（原）雞翅,1份,220,0
2122,麥脆鷄（辣）雞翅,1份,200,0
2123,麥脆鷄（原）雞腿,1份,180,0
2124,麥脆鷄（辣）雞腿,1份,180,0
2125,大薯,1份,470,0
2126,巧克力奶昔,1份,380,0
2127,草莓奶昔,1份,380,0
2128,香草奶昔,1份,380,0
2129,中薯,1份,330,0
2130,冰炫風（OREO）,1份,330,0
2131,巧克力聖代,1份,300,0
2132,冰炫風（法式焦糖脆片）,1份,290,0
2133,草莓聖代,1份,260,0
2134,小薯,1份,240,0
2135,蘋果派,1份,230,0
2136,薯餅,1份,160,0
2137,蛋捲冰淇淋,1份,140,0
2138,四季水果袋（蘋果片）,1份,30,0
2139,四季沙拉（大）,1份,20,0
2140,四季沙拉（小）,1份,20,0
2141,雪碧,兒童餐，1杯,120,0
2142,雪碧,小杯,160,0
2143,雪碧,中杯,210,0
2144,雪碧,大杯,310,0
2145,可口可樂,兒童餐，1杯,120,0
2146,可口可樂,小杯,160,0
2147,可口可樂,中杯,210,0
2148,可口可樂,大杯,310,0
2149,雀巢茶品檸檬茶,兒童餐，1杯,90,0
2150,雀巢茶品檸檬茶,小杯,110,0
2151,雀巢茶品檸檬茶,中杯,150,0
2152,雀巢茶品檸檬茶,大杯,230,0
2153,柳橙汁,兒童餐，1杯,80,0
2154,柳橙汁,小杯,140,0
2155,柳橙汁,大杯,180,0
2156,冰拿堤,中杯,120,0
2157,冰拿堤,大杯,170,0
2158,焦糖冰奶茶,1杯,170,0
2159,高鈣鮮乳,1杯,147,0
2160,爽健美茶,兒童餐，1杯,0,0
2161,爽健美茶,小杯,0,0
2162,爽健美茶,中杯,5,0
2163,爽健美茶,大杯,5,0
2164,經典冰咖啡,1杯,0,0
2165,可口可樂Zero,兒童餐，1杯,0,0
2166,可口可樂Zero,小杯,0,0
2167,可口可樂Zero,中杯,0,0
2168,可口可樂Zero,大杯,0,0
2169,熱巧克力,1杯,140,0
2170,那堤,小杯,120,0
2171,那堤,中杯,160,0
2172,玉米湯,小杯,100,0
2173,玉米湯,大杯,150,0
2174,卡布奇諾,小杯,100,0
2175,卡布奇諾,中杯,140,0
2176,焦糖熱奶茶,小杯,35,0
2177,焦糖熱奶茶,中杯,70,0
2178,經典美式咖啡,小杯,5,0
2179,經典美式咖啡,中杯,10,0
2180,亞美利加諾,小杯,5,0
2181,亞美利加諾,中杯,10,0
2182,鬆餅糖漿,1 個,130,0
2183,千島醬,1 個,100,0
2184,乳酪,1 個,60,0
2185,糖醋醬,1 個,50,0
2186,草莓果醬,1 個,40,0
2187,鬆餅乳酪,1 個,35,0
2188,奶精,1 個,25,0
2189,和風醬,1 個,25,0
2190,百香果醬,1 個,20,0
2191,番茄醬,1 個,10,0
2192,新活力雙手捲,1 個,544,0
2193,新海陸雙手捲_蟹肉火腿,1 個,604,0
2194,御飯團_晨採鮮筍,1 個,151,0
2195,御飯團_吻仔魚飯糰,1 個,201,0
2196,御飯團_干貝沙拉飯糰,1 個,220,0
2197,御飯團_炭火燒雞肉飯糰,1 個,186,0
2198,御飯團_美國龍蝦沙拉飯團,1 個,213,0
2199,御飯糰_焗烤鮪魚,1 個,377,0
2200,御飯糰_蕃茄蛋包飯飯糰,1 個,195,0
2201,御飯糰_雞肉什錦拌飯飯糰,1 個,177,0
2202,御飯糰_香蔥雞絲飯糰,1 個,190,0
2203,御飯糰_九州雞肉,1 個,196,0
2204,御飯糰_東港櫻花蝦,1 個,207,0
2205,御飯團_蒲燒鯛魚夾心,1 個,190,0
2206,御飯團_吻仔魚飯糰,1 個,206,0
2207,御飯團_哇沙米鮭魚,1 個,235,0
2208,真飽大厚片黑胡椒雞腿排,1 個,332,0
2209,真飽蔥燒里肌飯糰,1 個,464,0
2210,傳統肉鬆糯米飯糰,1 個,232,0
2211,經典香腸糯米飯糰,1 個,457,0
2212,茶葉蛋香菇拌飯飯糰,1 個,152,0
2213,open溫泉玉子飯糰,1 個,206,0
2214,日本西京漬鐏鮭飯團,1 個,169,0
2215,日本天婦羅炸蝦飯糰,1 個,241,0
2216,北海道_鹽烤鯖魚飯糰,1 個,276,0
2217,九州雞肉夾心飯糰,1 個,274,0
2218,蝦仁美乃滋夾心飯糰,1 個,299,0
2219,蝦仁美乃滋飯糰,1 個,212,0
2220,雞唐揚美乃滋飯糰,1 個,290,0
2221,信州風味增炒豬肉御飯糰,1 個,231,0
2222,肉鬆菜脯御飯團,1 個,200,0
2223,豬肉高菜御飯糰,1 個,168,0
2224,薑汁燒肉堡飯糰,1 個,240,0
2225,明太子鮭魚御飯團,1 個,238,0
2226,北海道鮭魚親子極上飯糰,1 個,219,0
2227,東港櫻花蝦飯糰,1 個,219,0
2228,火腿蛋炒飯飯糰,1 個,199,0
2229,香菇雞筍飯團,1 個,179,0
2230,鰹魚飯團,1 個,184,0
2231,古早味飯團,1 個,185,0
2232,香鮭魚子飯團,1 個,186,0
2233,培根玉米飯團,1 個,193,0
2234,哇沙米鮭魚御飯團,1 個,213,0
2235,五香雞飯團,1 個,195,0
2236,江戶燒肉飯團,1 個,196,0
2237,藕素喜飯團,1 個,199,0
2238,咖哩雞飯團,1 個,202,0
2239,豆瓣劍筍飯團,1 個,202,0
2240,柳菘菇飯團,1 個,204,0
2241,稻禾飯團,1 個,205,0
2242,廣式叉燒飯團,1 個,206,0
2243,肉鬆飯團,1 個,208,0
2244,燻雞飯團,1 個,212,0
2245,章魚燒飯團,1 個,215,0
2246,鮪魚飯團,1 個,215,0
2247,韓式泡菜飯團,1 個,216,0
2248,黑胡椒雞柳團,1 個,218,0
2249,三杯雞飯團,1 個,221,0
2250,海老飯團,1 個,227,0
2251,芝麻香雞飯團,1 個,230,0
2252,雪螺飯團,1 個,232,0
2253,照燒雞飯團,1 個,234,0
2254,素香鬆飯團,1 個,249,0
2255,莎拉雞飯團,1 個,250,0
2256,鳳梨墨魚飯團,1 個,250,0
2257,黑胡椒松菇飯團,1 個,253,0
2258,沙茶火雞飯團,1 個,225,0
2259,鱈魚飯團,1 個,261,0
2260,鮭魚飯團,1 個,215,0
2261,哇沙米鮭魚飯團,1 個,261,0
2262,紅鮭野菜飯團,1 個,392,0
2263,哇沙米秋鮭飯團,1 個,220,0
2264,吻仔魚飯團,1 個,225,0
2265,麻油雞飯團,1 個,293,0
2266,蒲燒鰻飯團,1 個,196,0
2267,吻魚野菜飯團,1 個,205,0
2268,蛋包飯丸子飯團,1 個,222,0
2269,蛋酥丸子飯團,1 個,240,0
2270,香蒜火腿飯團,1 個,246,0
2271,蔥辣火腿飯團,1 個,271,0
2272,西班牙火腿飯團,1 個,255,0
2273,西檸雞柳手捲,1 個,330,0
2274,魚卵手捲,1 個,471,0
2275,青蔬燻雞手捲,1 個,339,0
2276,火腿手捲,1 個,297,0
2277,香菇手捲,1 個,307,0
2278,鮮蟹手捲,1 個,314,0
2279,鮪魚手捲,1 個,337,0
2280,鮮嫩蘆筍手捲,1 個,284,0
2281,哇沙米燻雞手捲,1 個,322,0
2282,火腿壽司,1 個,239,0
2283,鮪魚組合,1 個,440,0
2284,鮪魚脆皮手捲,1 個,219,0
2285,菜脯肉鬆脆皮手捲,1 個,199,0
2286,蝦仁沙拉脆皮手捲,1 個,244,0
2287,蔬菜壽司捲,1 個,593,0
2288,夏野菜卷,1 個,418,0
2289,蛋黃御米粽,1 個,232,0
2290,京都豆皮飯團,1 個,315,0
2291,鮪魚小黃瓜細捲壽司,1 個,253,0
2292,什錦京都豆皮壽司,1 個,175,0
2293,雞唐揚書菜捲豆皮壽司組合,1 個,485,0
2294,元味覺醒紫菜蛋花湯,1 個,33,0
2295,元味覺醒味噌豆腐湯,1 個,35,0
2296,元味覺醒玉米濃湯,1 個,450,0
2297,寒天菠菜蛋花湯,1 個,31,0
2298,泰式酸辣春雨湯杯,1 個,119,0
2299,泰式酸辣椰奶春雨,1 個,112,0
2300,海鮮湯,1 個,13,0
2301,百分百微波爆米花~甜味,1 個,141,0
2302,百分百微波爆米花~奶油口味,1 個,390,0
2303,百分百微波爆米花~起司口味,1 個,405,0
2304,漢堡大亨_醬燒嫩雞堡,1 個,438,0
2305,酷辣雞腿堡,1 個,561,0
2306,BURGER_美式糖醋香雞堡,1 個,313,0
2307,光合三明治-起司豬肉蛋堡,1 個,316,0
2308,光合三明治-元氣火腿蛋堡,1 個,311,0
2309,切達乳酪薯餅堡,1 個,243,0
2310,美式煙勳香腸堡,1 個,275,0
2311,法式黃金鮮魚堡,1 個,291,0
2312,南洋雞腿堡,1 個,224,0
2313,蕃茄吉士蛋堡,1 個,329,0
2314,和風味噌雞腿堡,1 個,310,0
2315,光合潛艇堡-馬鈴薯沙拉堡,1 個,230,0
2316,起司牛肉堡,1 個,263,0
2317,焗烤起司洋芋,1 個,156,0
2318,金黃起司薯條,1 個,177,0
2319,日式茶碗蒸,1 個,75,0
2320,紐奧良辣翅,1 個,216,0
2321,墨西哥雞翅,1 個,263,0
2322,7-11香雞排,1 個,336,0
2323,義美叉燒包子,1 個,200,0
2324,寒天鮮蔬雞肉三明治,1 個,321,0
2325,龍蝦雞蛋雙色三明治,1 個,331,0
2327,光合香燻腿排三明治,1 個,214,0
2328,光合三明治-蕃茄野菜燻雞,1 個,204,0
2329,光合三明治-智利煙燻帝王鮭魚,1 個,198,0
2330,光合三明治-美國龍蝦沙拉,1 個,278,0
2331,光合三明治-鮮蝦玉子,1 個,260,0
2332,光合三明治-蔬果總匯,1 個,285,0
2333,鮪魚雞蛋雙色三明治,1 個,328,0
2334,起司薯泥沙拉三明治,1 個,309,0
2335,爽脆鮮蔬三明治,1 個,210,0
2336,迷迭香烤雞法式三明治,1 個,311,0
2337,多汁鮪魚溏心蛋三明治,1 個,257,0
2338,多彩洋芋沙拉光合三明治,1 個,268,0
2339,培根火腿蛋三明治,1 個,208,0
2340,溏心蛋沙拉三明治,1 個,276,0
2341,皮蛋瘦肉粥,1 個,148,0
2342,泰山本舖地瓜燕麥粥,1 個,156,0
2343,新竹肉燥炒米粉,1 個,365,0
2344,甲七碗狀元福粽,1 個,426,0
2345,鰻魚油飯,1 個,605,0
2346,彰化碗粿,1 個,405,0
2348,超級夏威夷披薩,1 個,265,0
2349,紅醬海鮮披薩,1 個,236,0
2350,台中肉燥米糕,1 個,384,0
2351,海鮮烏龍麵,1份,553,0
2352,水煎鍋貼,1份,277,0
2353,7-11炸醬麵,1份,356,0
2354,焗烤奶油鮪魚通心麵,1份,429,0
2355,焗烤奶油蝦仁義大利麵,1份,370,0
2356,焗烤拿坡里肉醬筆管麵,1份,379,0
2357,培根蛋黃醬義大利麵,1份,345,0
2358,義式澄汁魚排+奶油培根麵,1份,448,0
2359,藦菇肉醬義大利麵,1份,381,0
2360,奶油培根麵,1份,395,0
2361,番茄肉醬麵,1份,400,0
2362,奶油鮭魚焗麵,1份,556,0
2363,拿坡里肉醬義大利麵,1份,492,0
2364,國民便當,1份,638,0
2365,國民大便當-烤肉飯,1份,532,0
2366,2009國民便當-雞排,1份,791,0
2367,奮起湖_鐵路便當,1份,529,0
2368,夏日鮮筍便當,1份,493,0
2369,義式奶油龍蝦焗飯,1份,491,0
2370,日式咖哩雞焗飯,1份,602,0
2371,肉絲什錦蛋炒飯,1份,691,0
2372,黑胡椒豬柳燴飯,1份,434,0
2373,日式咖哩燴飯,1份,402,0
2374,紅燒牛腩燴飯,1份,424,0
2375,宮保雞丁燴飯,1份,488,0
2376,烤雞腿肉燥米粉,1份,584,0
2377,烤雞腿油飯,1份,653,0
2378,火腿番茄蛋炒飯,1份,639,0
2379,中式糖醋排骨+培根蛋炒飯,1份,550,0
2380,國民燴飯－咖哩雞肉飯,1份,499,0
2381,一流料理人魚香肉絲燴飯,1份,613,0
2382,魚香肉絲燴飯,1份,613,0
2383,桂冠素三杯炒飯,1份,578,0
2384,海陸三鮮滑蛋飯,1份,739,0
2385,廣式叉燒炒飯,1份,559,0
2386,花壽司便當,1份,556,0
2387,蛋包飯,1份,589,0
2388,三色雞丼,1份,699,0
2389,三杯雞燴飯,1份,448,0
2390,牛丼,1份,835,0
2391,日本壽喜燒丼,1份,812,0
2392,香雞排便當,1份,731,0
2393,日式咖哩雞燴飯,1份,473,0
2395,鐵板黑胡椒漢堡排便當,1份,338,0
2396,真飽黑胡椒豬排便當,1份,453,0
2397,魯肉飯,1份,592,0
2398,蘑菇雞胸便當,1份,604,0
2399,海南雞飯便當,1份,689,0
2400,韓式泡菜燒肉便當,1份,697,0
2401,黑胡椒炒飯,1份,699,0
2402,和風雞排便當,1份,724,0
2403,碳烤腿排便當,1份,829,0
2404,日式豬排便當,1份,774,0
2405,紅燒排骨便當,1份,862,0
2406,焢肉便當,1份,871,0
2407,喀拉雞便當,1份,871,0
2408,糖醋里肌便當,1份,890,0
2409,埔里排骨飯,1份,687,0
2410,OL便當-和風雙寶丼,1份,495,0
2411,日本炭火風烤雞丼,1份,458,0
2412,豚勝VS壽喜燒雙拼,1份,1034,0
2413,御便當-招牌雙拼,1份,800,0
2414,炸蝦天婦羅便當/68元,1份,659,0
2415,一流料理人御便當_和風漢堡排,1份,643,0
2416,一流料理人御便當_鮮蔬黑醋雞便當,1份,803,0
2417,一流料理人御便當_薑汁燒肉便當,1份,721,0
2418,真飽便當-鹽酥豬排,1份,1070,0
2419,韓國石鍋拌飯,1份,667,0
2420,北海道白咖哩豬排飯,1份,662,0
2421,五色時蔬咖哩雞排,1份,652,0
2422,鰻魚飯,1份,547,0
2423,香蒜培根炒麵,1份,336,0
2424,大阪燒炒麵,1份,311,0
2425,鐵板燒炒麵,1份,347,0
2426,印度咖哩炒麵,1份,386,0
2427,沙茶牛肉炒麵,1份,665,0
2428,四季鮮果盒,1份,62,0
2429,十二鮮蔬沙拉,1份,156,0
2430,綠竹筍沙拉,1份,155,0
2431,多彩總匯沙拉,1份,190,0
2432,光合沙拉˙田園沙拉,1份,179,0
2433,光合千島沙拉,1份,141,0
2434,雞肉野蔬沙拉,1份,176,0
2435,水果優格沙拉,1份,151,0
2436,塔可燻雞螺旋麵沙拉,1份,215,0
2437,鮪魚玉米沙拉(不含醬),1份,63,0
2438,洋芋蛋沙拉佐生菜,1份,274,0
2439,德式洋芋沙拉,1份,359,0
2440,陽光蕃茄沙拉,1份,122,0
2441,和風海藻沙拉,1份,47,0
2442,主廚田園沙拉,1份,506,0
2443,甜薯沙拉,1份,363,0
2444,義大利冷麵沙拉,1份,332,0
2445,涓絲涼麵_和風果醋,1份,95,0
2446,雞絲麻醬涼麵,1份,502,0
2447,珍饌麻醬涼麵,1份,545,0
2448,黃金麻醬涼麵,1份,363,0
2449,真飽麻醬涼麵,1份,568,0
2450,真飽香辣涼麵,1份,555,0
2451,巨無霸麻醬涼麵,1份,809,0
2452,中華特級涼麵,1份,456,0
2453,中華天府椒麻雞極上涼麵,1份,410,0
2454,月見蕎麥涼麵(含醬),1份,515,0
2455,日式鰹魚細露涼麵(含醬),1份,280,0
2456,日式蕎麥涼麵(未含醬),1份,281,0
2457,日式抹茶涼麵,1份,310,0
2458,日式雙併涼麵,1份,328,0
2459,伊豆葵覺蒟蒻涼麵,1份,45,0
2460,信州蕎麥涼麵,1份,279,0
2461,朝鮮辣子涼麵,1份,314,0
2462,奈良鮮露涼麵,1份,319,0
2463,和風涼麵,1份,380,0
2464,唐辛子涼麵,1份,456,0
2465,皇膳沙嗲涼麵,1份,456,0
2466,香辣涼麵,1份,491,0
2467,紀州梅玉蒟蒻涼麵,1份,80,0
2468,四川涼麵,1份,493,0
2469,百匯涼麵,1份,518,0
2470,韓式泡菜涼麵,1份,286,0
2471,韓國江原道燒肉極上涼麵,1份,318,0
2472,天府椒麻雞極上涼麵,1份,410,0
2473,千葉寒天波菜涼麵,1份,314,0
2474,蘿蔔,1串,14,0
2475,蟳肉捲,1串,202,0
2476,豆腐,1塊,27,0
2477,鱈魚板,1串,220,0
2478,玉米棒,1個,105,0
2479,黃金魚板,1個,39,0
2480,小貢丸,1串,246,0
2481,黑輪,1個,96,0
2482,油豆腐,1塊,138,0
2483,脆丸,1串,262,0
2484,鐵板花枝,1串,198,0
2485,魚豆腐,1串,83,0
2486,高麗菜捲,1串,71,0
2487,龍蝦棒,1個,44,0
2488,黃金魚蛋,1串,115,0
2489,黃金鮮肉捲,1個,108,0
2490,炸花枝丸,1串,155,0
2491,豬血糕,1個,94,0
2492,黃金蛋丸,1串,156,0
2493,黃金巨蛋,1個,145,0
2494,鱈魚丸,1串,132,0
2495,雙色黑輪,1串,161,0
2496,干貝串,1串,145,0
2497,海苔花枝丸,1串,44,0
2498,章魚燒,1個,78,0
2499,和風培根棒,1串,58,0
2500,花枝燒,1串,192,0
2501,蔬菜魚豆腐,1個,34,0
2502,手工捲肉餅,1個,117,0
2503,新竹貢丸,1個,138,0
2504,石安玉子,1個,52,0
2505,白玉蘿蔔,1個,14,0
2506,昆布魚捲,1個,54,0
2507,埔里鮮香菇,1個,18,0
2508,埔里杏鮑菇,1個,8,0
2509,照燒雞肉丸,1個,67,0
2510,龍蝦海鮮丸,1個,86,0
2511,手工苦瓜封,1個,81,0
2512,手工蔬菜揚,1個,41,0
2513,海鮮蛋皮捲,1個,96,0
2514,彰化黑豬肉貢丸,1個,69,0
2515,干貝什錦燒,1個,70,0
2516,翡翠干貝燒,1個,70,0